segment_name,platform,reach,category,description,plain_english,code,frequency,window,icon_key
White Wine fans,Permutive,267987,Food & Drink,This is a segment of users who have browsed for white wine fans content at least 2 times in the last 90 days.,Regularly browses white wine fans content,189336,R,90 Days,food-drink
Cultural Food fans,Permutive,1293313,Food & Drink,This is a segment of users who have browsed for cultural food fans content at least 5 times at any point in time.,Frequently browses cultural food fans content,56420,F,All Time,food-drink
Non-alcoholic Drink Fans,Permutive,78636,Food & Drink,This is a segment of users who have browsed for non-alcoholic drink content at least 2 times at any point in time.,Regularly browses non-alcoholic drink content,22058,R,All Time,food-drink
Indiana Jones Franchise & Similar Fans,Permutive,25040,Arts & Entertainment,This is a segment of users who have browsed for indiana jones franchise & similar content at least once at any point in time.,Browses indiana jones franchise & similar content,192291,,,arts-entertainment
Turkish Cusine Fans,Permutive,13762,Food & Drink,This is a segment of users who have browsed for turkish cusine content at least 2 times at any point in time.,Regularly browses turkish cusine content,22143,R,All Time,food-drink
Bulbs and Seeds Fans,Permutive,7067,Gardening,This is a segment of users who have browsed for bulbs and seeds content at least once at any point in time.,Occasionally browses bulbs and seeds content,209460,O,All Time,gardening
Tech Fans,Permutive,1,Interest,This is a segment of users who have browsed for tech content at least 2 times at any point in time.,Regularly browses tech content,7433,R,All Time,interest
Hatchback Fans,Permutive,133409,Auto,This is a segment of users who have browsed for hatchback content at least 2 times at any point in time.,Regularly browses hatchback content,10188,R,All Time,auto
Kardashians Fans Lookalike,Permutive,569516,Arts & Entertainment,This is a lookalike segment based on the 'Kardashians Fans' seed segment.,Regularly browses related content,241256,R,90 Days,arts-entertainment
Battle Royale Games Fans,Permutive,21381,Gaming,This is a segment of users who have browsed for battle royale games content at least once at any point in time.,Occasionally browses battle royale games content,207138,O,All Time,gaming
Stranger Things Fans,Permutive,32010,Arts & Entertainment,This is a segment of users who have browsed for stranger things content at least 2 times at any point in time.,Regularly browses stranger things content,28333,R,All Time,arts-entertainment
Motorsport Fans,Permutive,291097,Sports,This is a segment of users who have browsed for motorsport content at least 2 times in the last 90 days.,Regularly browses motorsport content,192538,R,90 Days,sports
Hybrids/EVs/Future Fans,Permutive,304460,Auto,This is a segment of users who have browsed for hybrids/evs/future content at least once at any point in time.,Occasionally browses hybrids/evs/future content,10952,O,All Time,auto
Radiotimes Fans,Permutive,3534999,Arts & Entertainment,This is a segment of users who have browsed for radiotimes content at least 2 times at any point in time.,Regularly browses radiotimes content,6247,R,All Time,arts-entertainment
Tennis Fans,Permutive,74922,Sports,This is a segment of users who have browsed for tennis content at least once at any point in time.,Occasionally browses tennis content,140503,O,All Time,sports
Mobile Gaming Fans,Permutive,5495,Interest,This is a segment of users who have browsed for mobile gaming content at least 2 times at any point in time.,Regularly browses mobile gaming content,120675,R,All Time,interest
Kings and Queens Fans,Permutive,2180,History Extra,This is a segment of users who have browsed for kings and queens content at any point in time.,Browses kings and queens content,22262,,,history-extra
Family TV fans,Permutive,104186,Uncategorised,This is a segment of users whp have browsed the 'Family' section on Radio Times at any point in time.,Browses related content,41154,,,uncategorised
Greek Cuisine Fans,Permutive,4474,Food & Drink,This is a segment of users who have browsed for greek cuisine content at least once at any point in time.,Occasionally browses greek cuisine content,19671,O,All Time,food-drink
Christchurch Geolocation,Permutive,6259,Geo targeting,This is a segment of users who accessed our content from a Christchurch geolocation in the last 30 days.,Occasionally browses related content,212452,O,30 Days,geo-targeting
Marvel Fans,Permutive,127212,Arts & Entertainment,This is a segment of users who have browsed for marvel content at least 2 times at any point in time.,Regularly browses marvel content,122567,R,All Time,arts-entertainment
Gardeners World Premium Fans Lookalike,Permutive,635441,Gardening,This is a lookalike segment based on the 'Gardeners World Premium Fans' seed segment.,Occasionally browses related content,221396,O,90 Days,gardening
Female Protagonists Fans,Permutive,82756,Arts & Entertainment,This is a segment of users who have browsed for female protagonists content at least once at any point in time.,Occasionally browses female protagonists content,201898,O,All Time,arts-entertainment
Paramount+ Fans,Permutive,128877,Arts & Entertainment,This is a segment of users who have browsed for paramount+ content at least once at any point in time.,Occasionally browses paramount+ content,183253,O,All Time,arts-entertainment
History Extra Super fans 6+,Permutive,27418,Interest,This is a segment of users who have browsed for history extra super fans 6+ content at least 5 times at any point in time.,Frequently browses history extra super fans 6+ content,8047,F,All Time,interest
Gut-Friendly Diet Fans,Permutive,305036,Food & Drink,This is a segment of users who have browsed for gut-friendly diet content at least 5 times in the last 90 days.,Frequently browses gut-friendly diet content,123355,F,90 Days,food-drink
Flower lovers Fans,Permutive,980226,Gardening,This is a segment of users who have browsed for flower lovers content at least 2 times at any point in time.,Regularly browses flower lovers content,26095,R,All Time,gardening
Gaming Fans,Permutive,517748,Interest,This is a segment of users who have browsed for gaming content at least 2 times at any point in time.,Regularly browses gaming content,69724,R,All Time,interest
How to Fans,Permutive,387789,Gardening,This is a segment of users who have browsed for how to content at least 2 times at any point in time.,Regularly browses how to content,8140,R,All Time,gardening
Gin Fans,Permutive,492398,Food & Drink,This is a segment of users who have browsed for gin content at least 2 times at any point in time.,Regularly browses gin content,62522,R,All Time,food-drink
Romans Fans,Permutive,156051,Arts & Entertainment,This is a segment of users who have browsed for romans content at least 2 times at any point in time.,Regularly browses romans content,31027,R,All Time,arts-entertainment
Tennis Fans Lookalike,Permutive,912745,Sports,This is a lookalike segment based on the 'Tennis Fans' seed segment.,Occasionally browses related content,185620,O,All Time,sports
Sci-fi Lookalike,Permutive,657519,Arts & Entertainment,This is a lookalike segment based on the 'Sci-fi Fans' seed segment.,Regularly browses related content,146754,R,90 Days,arts-entertainment
Going Out Section Visitors Fans,Permutive,120606,RT,This is a segment of users who have browsed the 'going out' section on Radio Times at least once at any point in time.,Occasionally browses related content,227045,O,All Time,rt
Gravel/Adventure Fans,Permutive,95051,Sports,This is a segment of users who have browsed for gravel/adventure content at least 2 times at any point in time.,Regularly browses gravel/adventure content,38271,R,All Time,sports
"Omega 3, 6, 9 Fans",Permutive,171202,Food & Drink,"This is a segment of users who have browsed for omega 3, 6, 9 content at least 2 times in the last 90 days.","Regularly browses omega 3, 6, 9 content",136259,R,90 Days,food-drink
Animation Fans,Permutive,109026,Arts & Entertainment,This is a segment of users who have browsed for animation content at least 2 times in the last 90 days.,Regularly browses animation content,146153,R,90 Days,arts-entertainment
Big Batch Cooking -Food & Drink -Analytics-Food Cuisine Fans,Permutive,15086,Uncategorised,This is a segment of users who have browsed for big batch cooking -food & drink -analytics-food cuisine content at any point in time.,Browses big batch cooking -food & drink -analytics-food cuisine content,15333,,,uncategorised
Vegan Fans,Permutive,221985,Food & Drink,This is a segment of users who have browsed for vegan content at least 2 times at any point in time.,Regularly browses vegan content,10106,R,All Time,food-drink
Netflix Fans,Permutive,158871,Arts & Entertainment,This is a segment of users who have browsed for netflix content at least 2 times at any point in time.,Regularly browses netflix content,19802,R,All Time,arts-entertainment
Music streaming fan,Permutive,123782,Arts & Entertainment,This is a segment of users who have browsed for music streaming fan content at least 2 times in the last 90 days.,Regularly browses music streaming fan content,187192,R,90 Days,arts-entertainment
Summer Meal Planners Fans,Permutive,327023,Food & Drink,This is a segment of users who have browsed for summer meal planners content at least 2 times at any point in time.,Regularly browses summer meal planners content,7568,R,All Time,food-drink
Dairy Free Fans,Permutive,24800,Food & Drink,This is a segment of users who have browsed for dairy free content at least 2 times at any point in time.,Regularly browses dairy free content,55912,R,All Time,food-drink
Helmet Fans,Permutive,593,Sports,This is a segment of users who have browsed for helmet content at least once at any point in time.,Occasionally browses helmet content,6178,O,All Time,sports
Golf 1P Fans,Permutive,64497,Uncategorised,This is a segment of users who have browsed for golf content at least once at any point in time.,Occasionally browses golf content,27600,O,All Time,uncategorised
Arts & Entertainment -Awards Fans,Permutive,588238,Uncategorised,This is a segment of users who have browsed for arts & entertainment -awards content at least 2 times at any point in time.,Regularly browses arts & entertainment -awards content,136572,R,All Time,uncategorised
Tour de France Lookalike,Permutive,472134,Sports,This is a lookalike segment based on the 'Tour de France Fans' seed segment.,Regularly browses related content,183581,R,All Time,sports
The Crown Fans,Permutive,13300,Arts & Entertainment,This is a segment of users who have browsed for the crown content at least 2 times at any point in time.,Regularly browses the crown content,23263,R,All Time,arts-entertainment
Parents Fans,Permutive,696990,Parenting,This is a segment of users who have browsed for parents content at least 2 times at any point in time.,Regularly browses parents content,7550,R,All Time,parenting
Caribbean Fans,Permutive,5563,Food & Drink,This is a segment of users who have browsed for caribbean content at least 2 times at any point in time.,Regularly browses caribbean content,22133,R,All Time,food-drink
Dark Comedy Fans Lookalike,Permutive,546833,Arts & Entertainment,This is a lookalike segment based on the 'Dark Comedy Fans' seed segment.,Occasionally browses related content,203240,O,All Time,arts-entertainment
Theatre lovers 1P Fans,Permutive,43085,Arts & Entertainment,This is a segment of users who have browsed for theatre lovers 1p content at any point in time.,Browses theatre lovers 1p content,35474,,,arts-entertainment
Linear TV Fans,Permutive,666558,Arts & Entertainment,This is a segment of users who have browsed for linear tv content at least 2 times at any point in time.,Regularly browses linear tv content,183944,R,All Time,arts-entertainment
Chips Fans,Permutive,175724,Food & Drink,This is a segment of users who have browsed for chips content at least 2 times at any point in time.,Regularly browses chips content,165188,R,All Time,food-drink
Frozen Fans,Permutive,750004,Arts & Entertainment,This is a segment of users who have browsed for frozen content at least 2 times at any point in time.,Regularly browses frozen content,28383,R,All Time,arts-entertainment
Korean Cuisine Fans,Permutive,41268,Immediate,This is a segment of users who have browsed for korean cuisine content at least 5 times in the last 90 days.,Frequently browses korean cuisine content,20682,F,90 Days,immediate
Coffee Fans,Permutive,777533,Food & Drinks,This is a segment of users who have browsed for coffee content at least once at any point in time.,Occasionally browses coffee content,259936,O,All Time,food-drinks
Football world cup 2022 Fans,Permutive,92,Sports,This is a segment of users who have browsed for football world cup 2022 content at least 2 times at any point in time.,Regularly browses football world cup 2022 content,130253,R,All Time,sports
Ford Car Reviewers Fans,Permutive,12623,Auto,This is a segment of users who have browsed for ford car reviewers content at least once in the last 90 days.,Occasionally browses ford car reviewers content,241613,O,90 Days,auto
Table Sauces Lookalike,Permutive,1481289,Food & Drink,This is a lookalike segment based on the 'Table Sauces Fans' seed segment.,Occasionally browses related content,218717,O,90 Days,food-drink
Suzuki Fans,Permutive,18926,Auto,This is a segment of users who have browsed for suzuki content at least once at any point in time.,Occasionally browses suzuki content,10146,O,All Time,auto
Bristol specialist brands Fans,Permutive,9551,Uncategorised,This is a segment of users who have browsed for bristol specialist brands content at least once at any point in time.,Occasionally browses bristol specialist brands content,79331,O,All Time,uncategorised
Easter Fans,Permutive,126882,Food & Drink,This is a segment of users who have browsed for easter content at least 2 times in the last 90 days.,Regularly browses easter content,6174,R,90 Days,food-drink
Good Food Nutrition Fans,Permutive,377,Food & Drink,This is a segment of users who have browsed for good food nutrition content at least 2 times in the last 90 days.,Regularly browses good food nutrition content,240074,R,90 Days,food-drink
Good Health Protein Fans,Permutive,2511,GF,This is a segment of users who have browsed for good health protein content at any point in time.,Browses good health protein content,246164,,,gf
Outlander Fans,Permutive,16122,Arts & Entertainment,This is a segment of users who have browsed for outlander content at least 2 times at any point in time.,Regularly browses outlander content,141933,R,All Time,arts-entertainment
True Crime Fans,Permutive,38674,Arts & Entertainment,This is a segment of users who have browsed for true crime content at least 2 times at any point in time.,Regularly browses true crime content,123009,R,All Time,arts-entertainment
Upcoming Games section visitors RT Fans,Permutive,38033,Gaming,This is a segment of users who have browsed for upcoming games section visitors rt content at least once at any point in time.,Occasionally browses upcoming games section visitors rt content,194270,O,All Time,gaming
Forza Horizon Franchise Fans,Permutive,5859,Gaming,This is a segment of users who have browsed for forza horizon franchise content at least once at any point in time.,Occasionally browses forza horizon franchise content,207006,O,All Time,gaming
Alternative Christmas Fans,Permutive,25864,Food & Drink,This is a segment of users who have browsed for alternative christmas content at least 2 times at any point in time.,Regularly browses alternative christmas content,163566,R,All Time,food-drink
Chevrolet Fans,Permutive,3824,Auto,This is a segment of users who have browsed for chevrolet content at least 2 times at any point in time.,Regularly browses chevrolet content,22172,R,All Time,auto
Role Playing Games Lookalike,Permutive,202618,Gaming,This is a lookalike segment based on the 'Role Playing Games Fans' seed segment.,Occasionally browses related content,208350,O,All Time,gaming
Messy Ingredients Recipes Fans,Permutive,447322,Food & Drink,This is a segment of users who have browsed for messy ingredients recipes content at least 2 times in the last 90 days.,Regularly browses messy ingredients recipes content,187622,R,90 Days,food-drink
Hyundai Fans,Permutive,30010,Auto,This is a segment of users who have browsed for hyundai content at least once at any point in time.,Occasionally browses hyundai content,10374,O,All Time,auto
Tequila Fans,Permutive,9248,Food & Drink,This is a segment of users who have browsed for tequila content at any point in time.,Browses tequila content,248967,,,food-drink
Sims Franchise Fans Lookalike,Permutive,664182,Gaming,This is a lookalike segment based on the 'Sims Franchise Fans' seed segment.,Regularly browses related content,121991,R,All Time,gaming
East Midlands Geolocation,Permutive,432731,Geo targeting,This is a segment of users who accessed our content from an East Midlands geolocation in the last 30 days.,Occasionally browses related content,187241,O,30 Days,geo-targeting
Sky bundle platforms content Fans,Permutive,360286,Arts & Entertainment,This is a segment of users who have browsed for sky bundle platforms content content at least once at any point in time.,Browses sky bundle platforms content,272147,,,arts-entertainment
Sonic the Hedgehog Franchise Fans - Crossover,Permutive,628,Gaming,This is a segment of users who have browsed for sonic the hedgehog franchise - crossover content at least once at any point in time.,Occasionally browses sonic the hedgehog franchise - crossover content,206993,O,All Time,gaming
Low Salt Fans,Permutive,16388,Food & Drink,This is a segment of users who have browsed for low salt content at least 2 times at any point in time.,Regularly browses low salt content,22030,R,All Time,food-drink
Soup Fans,Permutive,650935,Food & Drink,This is a segment of users who have browsed for soup content at least 2 times in the last 90 days.,Regularly browses soup content,136234,R,90 Days,food-drink
Olive Enthusiasts Fans,Permutive,96715,Food & Drink,This is a segment of users who have browsed for olive enthusiasts content at least once at any point in time.,Occasionally browses olive enthusiasts content,10677,O,All Time,food-drink
Sport Enthusiasts Fans,Permutive,583545,Arts & Entertainment,This is a segment of users who have browsed for sport enthusiasts content at least 2 times at any point in time.,Regularly browses sport enthusiasts content,27547,R,All Time,arts-entertainment
Ambient Ingredients Fans,Permutive,997764,Food & Drink,This is a segment of users who have browsed for ambient ingredients content at least once at any point in time.,Occasionally browses ambient ingredients content,265426,O,All Time,food-drink
Slimming Fans,Permutive,37321,Food & Drink,This is a segment of users who have browsed for slimming content at any point in time.,Browses slimming content,20952,,,food-drink
Consoles Fans Lookalike,Permutive,142093,Gaming,This is a lookalike segment based on the 'Consoles Fans' seed segment.,Frequently browses related content,218335,F,90 Days,gaming
Gravel Bikes Fans,Permutive,5307,Sports,This is a segment of users who have browsed for gravel bikes content at least once at any point in time.,Occasionally browses gravel bikes content,9711,O,All Time,sports
Good Food Weight Loss Fans Lookalike,Permutive,375929,Food & Drink,This is a lookalike segment based on the 'Good Food Weight Loss Fans' seed segment.,Regularly browses related content,240297,R,90 Days,food-drink
Star Wars Fans,Permutive,35786,Arts & Entertainment,This is a segment of users who have browsed for star wars content at least 2 times at any point in time.,Regularly browses star wars content,25641,R,All Time,arts-entertainment
Tea Fans,Permutive,2079409,Food & Drink,This is a segment of users who have browsed for tea content at least 2 times in the last 90 days.,Regularly browses tea content,136240,R,90 Days,food-drink
Ireland Fans,Permutive,615400,Geo-targeting,This is a segment o fusers who accessed our content from an Ireland geolocation at any point in time.,Browses related content,188587,,,geo-targeting
Manchester Geolocation,Permutive,410428,Geo targeting,This is a segment o fusers who accessed our content from a Manchester geolocation in the last 30 days.,Occasionally browses related content,185965,O,30 Days,geo-targeting
Easy & Health Conscious Foodies Fans,Permutive,2148619,Food & Drink,This is a segment of users who have browsed for easy & health conscious foodies content at least 2 times at any point in time.,Regularly browses easy & health conscious foodies content,41708,R,All Time,food-drink
Valentines Fans,Permutive,25364,Food & Drink,This is a segment of users who have browsed for valentines content at least 2 times at any point in time.,Regularly browses valentines content,12349,R,All Time,food-drink
BBQs Fans,Permutive,359751,Food & Drink,This is a segment of users who have browsed for bbqs content at least 2 times at any point in time.,Regularly browses bbqs content,6611,R,All Time,food-drink
Spring Meal Planners Fans,Permutive,251222,Food & Drink,This is a segment of users who have browsed for spring meal planners content at least 2 times at any point in time.,Regularly browses spring meal planners content,7567,R,All Time,food-drink
Kingdom Come: Deliverance Fans,Permutive,4003,Gaming,This is a segment of users who have browsed for kingdom come: deliverance content at least once at any point in time.,Occasionally browses kingdom come: deliverance content,206663,O,All Time,gaming
Smoothie Fans,Permutive,51545,Food & Drink,This is a segment of users who have browsed for smoothie content at least 2 times at any point in time.,Regularly browses smoothie content,7644,R,All Time,food-drink
Lunch Fans,Permutive,3808435,Food & Drink,This is a segment of users who have browsed for lunch content at any point in time.,Browses lunch content,243650,,,food-drink
7 a day Fans,Permutive,11,Food & Drink,This is a segment of users who have browsed for 7 a day content at least 2 times at any point in time.,Regularly browses 7 a day content,8454,R,All Time,food-drink
High Fibre Dieters Fans,Permutive,1790622,Food & Drink,This is a segment of users who have browsed for high fibre dieters content at least 2 times at any point in time.,Regularly browses high fibre dieters content,26897,R,All Time,food-drink
Celebrity/Reality Fans,Permutive,254912,Arts & Entertainment,This is a segment of users who have browsed for celebrity/reality content at least 2 times at any point in time.,Regularly browses celebrity/reality content,7751,R,All Time,arts-entertainment
Reviewers Fans,Permutive,175520,Food & Drink,This is a segment of users who have browsed for reviewers content at least 2 times in the last 90 days.,Regularly browses reviewers content,149219,R,90 Days,food-drink
Breakfast Fans,Permutive,1827039,Food & Drink,This is a segment of users who have browsed for breakfast content at least 2 times at any point in time.,Regularly browses breakfast content,47330,R,All Time,food-drink
Tinned Tomatoes Fans,Permutive,876213,Food & Drink,This is a segment of users who have browsed for tinned tomatoes content at least 2 times at any point in time.,Regularly browses tinned tomatoes content,7783,R,All Time,food-drink
Classic-recipes-minus-meat Fans,Permutive,550,Food & Drink,This is a segment of users who have browsed for classic-recipes-minus-meat content at least once at any point in time.,Occasionally browses classic-recipes-minus-meat content,8605,O,All Time,food-drink
Road Biking Fans,Permutive,211796,Sports,This is a segment of users who have browsed for road biking content at least 2 times at any point in time.,Regularly browses road biking content,8129,R,All Time,sports
Racing Games Lookalike,Permutive,203848,Gaming,This is a lookalike segment based on the 'Racing Games Fans' seed segment.,Occasionally browses related content,198226,O,All Time,gaming
Disney Fans,Permutive,79684,Arts & Entertainment,This is a segment of users who have browsed for disney content at least 2 times at any point in time.,Regularly browses disney content,22299,R,All Time,arts-entertainment
Beans and Pulses Fans,Permutive,1852613,Food & Drink,This is a segment of users who have browsed for beans and pulses content at least once at any point in time.,Occasionally browses beans and pulses content,246550,O,All Time,food-drink
Talk Talk Users Fans,Permutive,444895,Internet Service Provider,This is a segment of users who have browsed for talk talk users content at least once in the last 30 days.,Occasionally browses talk talk users content,164437,O,30 Days,internet-service-provider
Christmas Films Fans,Permutive,1421956,Arts & Entertainment,This is a segment of users who have browsed for christmas films content at least 2 times at any point in time.,Regularly browses christmas films content,86977,R,All Time,arts-entertainment
Watches Lookalike,Permutive,100449,Interest,This is a lookalike segment based on the 'Watches Fans' seed segment.,Regularly browses related content,106569,R,All Time,interest
Renault Fans,Permutive,74939,Auto,This is a segment of users who have browsed for renault content at least 2 times at any point in time.,Regularly browses renault content,10386,R,All Time,auto
Vitamins Fans,Permutive,32670,Food & Drink,This is a segment of users who have browsed for vitamins content at least 2 times in the last 30 days.,Regularly browses vitamins content,136050,R,30 Days,food-drink
Grand Tour Fans,Permutive,9848,Auto,This is a segment of users who have browsed for grand tour content at least 2 times at any point in time.,Regularly browses grand tour content,72600,R,All Time,auto
Vinegar Fans,Permutive,581233,Food & Drink,This is a segment of users who have browsed for vinegar content at least 2 times in the last 90 days.,Regularly browses vinegar content,165070,R,90 Days,food-drink
Audible & Podcast fans,Permutive,32911,Arts & Entertainment,This is a segment of users who have browsed for audible & podcast fans content at least 2 times at any point in time.,Regularly browses audible & podcast fans content,32225,R,All Time,arts-entertainment
Brunch Fans,Permutive,325291,Food & Drink,This is a segment of users who have browsed for brunch content at least 2 times at any point in time.,Regularly browses brunch content,19675,R,All Time,food-drink
Fortnite franchise Fans,Permutive,20424,Gaming,This is a segment of users who have browsed for fortnite franchise content at least once at any point in time.,Occasionally browses fortnite franchise content,194285,O,All Time,gaming
Swindon Geolocation,Permutive,36042,Geo targeting,This is a segment ofusers who accessed our content from a Swindon geolocation in the last 30 days.,Occasionally browses related content,212522,O,30 Days,geo-targeting
Historical TV show viewers on RT who have visited HE Fans,Permutive,230,Uncategorised,This is a segment of users who have browsed for historical tv show viewers on rt who have visited he content at any point in time.,Browses historical tv show viewers on rt who have visited he content,27594,,,uncategorised
Sustainable gardeners Fans,Permutive,75576,Gardening,This is a segment of users who have browsed for sustainable gardeners content at least 2 times at any point in time.,Regularly browses sustainable gardeners content,148812,R,All Time,gardening
Gardening for beginners Fans,Permutive,1361,Gardening,This is a segment of users who have browsed for gardening for beginners content at least 2 times at any point in time.,Regularly browses gardening for beginners content,60843,R,All Time,gardening
French Fans,Permutive,417869,Food & Drink,This is a segment of users who have browsed for french content at least 2 times at any point in time.,Regularly browses french content,22135,R,All Time,food-drink
Rum Fans,Permutive,1144190,Food & Drink,This is a segment of users who have browsed for rum content at least 2 times at any point in time.,Regularly browses rum content,22293,R,All Time,food-drink
Comfort Food/Slow Food Fans,Permutive,1281195,Food & Drink,This is a segment of users who have browsed for comfort food/slow food content at least 2 times at any point in time.,Regularly browses comfort food/slow food content,117595,R,All Time,food-drink
Period Drama Fans,Permutive,88449,Arts & Entertainment,This is a segment of users who have browsed for period drama content at least 2 times at any point in time.,Regularly browses period drama content,10353,R,All Time,arts-entertainment
Air Fryer Fans,Permutive,165879,Food & Drink,This is a segment of users who have browsed for air fryer content at least 2 times in the last 90 days.,Regularly browses air fryer content,135220,R,90 Days,food-drink
Drama Fans,Permutive,551256,Arts & Entertainment,This is a segment of users who have browsed for drama content at least 5 times at any point in time.,Frequently browses drama content,61303,F,All Time,arts-entertainment
I'm a Celeb Fans,Permutive,49843,Arts & Entertainment,This is a segment of users who have browsed for i'm a celeb content at least 2 times at any point in time.,Regularly browses i'm a celeb content,21777,R,All Time,arts-entertainment
Virgin Media Fans,Permutive,3186,Sky conquesting,This is a segment of users who have browsed for virgin media content at any point in time.,Browses virgin media content,177138,,,sky-conquesting
Snackers Fans,Permutive,1671446,Food & Drink,This is a segment of users who have browsed for snackers content at least 2 times at any point in time.,Regularly browses snackers content,6668,R,All Time,food-drink
Wildlife Fans,Permutive,39294,Interest,This is a segment of users who have browsed for wildlife content at least once at any point in time.,Occasionally browses wildlife content,12643,O,All Time,interest
Cricket Fans,Permutive,23044,Arts & Entertainment,This is a segment of users who have browsed for cricket content at least once at any point in time.,Occasionally browses cricket content,27598,O,All Time,arts-entertainment
Supportive parents Fans,Permutive,109975,Parenting,This is a segment of users who have browsed for supportive parents content at least 2 times in the last 90 days.,Regularly browses supportive parents content,120697,R,90 Days,parenting
Kids TV Fans,Permutive,715271,Arts & Entertainments,This is a segment of users who have browsed for kids tv content at least 2 times at any point in time.,Regularly browses kids tv content,61305,R,All Time,arts-entertainments
Cycle Commuters Fans,Permutive,1060939,Sports,This is a segment of users who have browsed for cycle commuters content at least 2 times at any point in time.,Regularly browses cycle commuters content,38279,R,All Time,sports
80s TV Show Super Fans,Permutive,1319271,Arts & Entertainment,This is a segment of users who have browsed for 80s tv show super content at least once at any point in time.,Browses 80s tv show super content,28375,,,arts-entertainment
Coupes Fans,Permutive,26761,Auto,This is a segment of users who have browsed for coupes content at least 2 times at any point in time.,Regularly browses coupes content,10294,R,All Time,auto
Minecraft franchise Fans,Permutive,3890,Gaming,This is a segment of users who have browsed for minecraft franchise content at least once at any point in time.,Occasionally browses minecraft franchise content,194355,O,All Time,gaming
Chicken Fans,Permutive,1586857,Food & Drink,This is a segment of users who have browsed for chicken content at least 2 times in the last 90 days.,Regularly browses chicken content,147958,R,90 Days,food-drink
The Bear Fans Lookalike,Permutive,296915,Arts & Entertainment,This is a lookalike segment based on the 'The Bear Fans' seed segment.,Browses related content,268171,,,arts-entertainment
Engineering Documentaries Fans Lookalike,Permutive,2193540,Arts & Entertainment,This is a lookalike segment based on the 'Engineering Documentaries Fans' seed segment.,Occasionally browses related content,202141,O,All Time,arts-entertainment
Bonfire Night Fans,Permutive,61263,Seasonal,This is a segment of users who have browsed for bonfire night content at least 2 times in the last 90 days.,Regularly browses bonfire night content,22065,R,90 Days,seasonal
GoodFood Irish Fans,Permutive,200246,Food & Drink,This is a segment of users who have browsed for goodfood irish content at least 5 times at any point in time.,Frequently browses goodfood irish content,66593,F,All Time,food-drink
Foodies Fans,Permutive,6412615,Food & Drink,This is a segment of users who have browsed for foodies content at least 2 times at any point in time.,Regularly browses foodies content,6893,R,All Time,food-drink
Soil and Compost Lookalike,Permutive,391300,Gardening,This is a lookalike segment based on the 'Soil and Compost Fans' seed segment.,Occasionally browses related content,220591,O,All Time,gardening
Vintage/Classic Cars Fans,Permutive,356966,Auto,This is a segment of users who have browsed for vintage/classic cars content at least 2 times at any point in time.,Regularly browses vintage/classic cars content,43656,R,All Time,auto
Kia Fans,Permutive,151605,Auto,This is a segment of users who have browsed for kia content at least 2 times at any point in time.,Regularly browses kia content,10373,R,All Time,auto
On Demand & Listings Fans,Permutive,55,Arts & Entertainment,This is a segment of users who have browsed for on demand & listings content at least 2 times at any point in time.,Regularly browses on demand & listings content,6868,R,All Time,arts-entertainment
Gone Fishing Fans,Permutive,13651,Arts & Entertainment,This is a segment of users who have browsed for gone fishing content at least once at any point in time.,Occasionally browses gone fishing content,14307,O,All Time,arts-entertainment
Electric Cars Fans,Permutive,244729,Auto,This is a segment of users who have browsed for electric cars content at least 2 times at any point in time.,Regularly browses electric cars content,31394,R,All Time,auto
RadioTimes.com TV Listings Viewer Fans,Permutive,695018,Uncategorised,This is a segment of users who have browsed for radiotimes.com tv listings viewer content at any point in time.,Browses radiotimes.com tv listings viewer content,16361,,,uncategorised
Babies in Household Fans,Permutive,163314,Parenting,This is a segment of users who have browsed for babies in household content at least 2 times at any point in time.,Regularly browses babies in household content,10828,R,All Time,parenting
Warfare Fans,Permutive,749019,Interest,This is a segment of users who have browsed for warfare content at least 2 times at any point in time.,Regularly browses warfare content,183509,R,All Time,interest
Pregnancy Fans,Permutive,97915,Parenting,This is a segment of users who have browsed for pregnancy content at least 2 times at any point in time.,Regularly browses pregnancy content,35536,R,All Time,parenting
Virtual Reality Lookalike,Permutive,161999,Interest,This is a lookalike segment based on the 'Virtual Reality Fans' seed segment.,Regularly browses related content,122815,R,All Time,interest
Meals for One Fans,Permutive,139671,Food & Drink,This is a segment of users who have browsed for meals for one content at least 2 times at any point in time.,Regularly browses meals for one content,22145,R,All Time,food-drink
Sky Fans,Permutive,7240,Arts & Entertainment,This is a segment of users who have browsed for sky content at least once at any point in time.,Occasionally browses sky content,8314,O,All Time,arts-entertainment
Black Friday / Cyber Week Shoppers Fans,Permutive,1782190,ATRIA,This is a segment of users who have browsed for black friday / cyber week shoppers content at any point in time.,Browses black friday / cyber week shoppers content,252163,,,atria
Low Calories Fans,Permutive,52738,Food & Drink,This is a segment of users who have browsed for low calories content at least 2 times at any point in time.,Regularly browses low calories content,6970,R,All Time,food-drink
Land Rover Fans,Permutive,68450,Auto,This is a segment of users who have browsed for land rover content at least 2 times at any point in time.,Regularly browses land rover content,10380,R,All Time,auto
Honey Baking Recipes Fans,Permutive,519036,Food & Drink,This is a segment of users who have browsed for honey baking recipes content at least once at any point in time.,Occasionally browses honey baking recipes content,233987,O,All Time,food-drink
BBC GF Cook Smart Fans,Permutive,1450519,Food & Drink,This is a segment of users who have browsed for bbc gf cook smart content at least 2 times in the last 90 days.,Regularly browses bbc gf cook smart content,139651,R,90 Days,food-drink
80s TV Show Fans,Permutive,1781392,Arts & Entertainment,This is a segment of users who have browsed for 80s tv show content at least 2 times at any point in time.,Regularly browses 80s tv show content,28368,R,All Time,arts-entertainment
Powered Tools Fans,Permutive,2647,Gardening,This is a segment of users who have browsed for powered tools content at least once at any point in time.,Occasionally browses powered tools content,209474,O,All Time,gardening
Virgin Media Users Fans,Permutive,1225492,Internet Service Provider,This is a segment of users who have browsed for virgin media users content at least once in the last 30 days.,Occasionally browses virgin media users content,164444,O,30 Days,internet-service-provider
Factual TV Shows Fans,Permutive,573167,Arts & Entertainment,This is a segment of users who have browsed for factual tv shows content at least 2 times at any point in time.,Regularly browses factual tv shows content,43748,R,All Time,arts-entertainment
Sports Cars Fans,Permutive,37366,Auto,This is a segment of users who have browsed for sports cars content at least 2 times at any point in time.,Regularly browses sports cars content,10302,R,All Time,auto
Holiday Gifting Intenders Fans,Permutive,590673,ATRIA,This is a segment of users who have browsed for holiday gifting intenders content at any point in time.,Browses holiday gifting intenders content,252164,,,atria
Health conscious Fans,Permutive,566758,Food & Drink,This is a segment of users who have browsed for health conscious content at least 2 times at any point in time.,Regularly browses health conscious content,7604,R,All Time,food-drink
Mediterranean Fans,Permutive,83310,Food & Drink,This is a segment of users who have browsed for mediterranean content at least 2 times at any point in time.,Regularly browses mediterranean content,22137,R,All Time,food-drink
Baking Fans,Permutive,2282660,Food & Drink,This is a segment of users who have browsed for baking content at least 2 times at any point in time.,Regularly browses baking content,7318,R,All Time,food-drink
Saloons Fans,Permutive,1139057,Auto,This is a segment of users who have browsed for saloons content at least 2 times at any point in time.,Regularly browses saloons content,10300,R,All Time,auto
History extra Fans,Permutive,167005,Interest,This is a segment of users who have browsed for history extra content at least 2 times at any point in time.,Regularly browses history extra content,8048,R,All Time,interest
Fried food Fans,Permutive,524233,Food & Drink,This is a segment of users who have browsed for fried food content at least 2 times in the last 90 days.,Regularly browses fried food content,136161,R,90 Days,food-drink
Gluten Free Fans,Permutive,103784,Food & Drink,This is a segment of users who have browsed for gluten free content at least 2 times at any point in time.,Regularly browses gluten free content,9887,R,All Time,food-drink
Family Meal Planners Fans,Permutive,1598069,Food & Drink,This is a segment of users who have browsed for family meal planners content at least 2 times in the last 90 days.,Regularly browses family meal planners content,7069,R,90 Days,food-drink
Soaps Lookalike,Permutive,635681,Arts & Entertainment,This is a lookalike segment based on the 'Soaps Fans' seed segment.,Regularly browses related content,124373,R,90 Days,arts-entertainment
Picnic -Food & Drink -Analytics-Food Cuisine Fans,Permutive,3135,Uncategorised,This is a segment of users who have browsed for picnic -food & drink -analytics-food cuisine content at any point in time.,Browses picnic -food & drink -analytics-food cuisine content,15332,,,uncategorised
Euphoria Fans,Permutive,90396,Arts & Entertainment,This is a segment of users who have browsed for euphoria content at least once at any point in time.,Occasionally browses euphoria content,251499,O,All Time,arts-entertainment
Silent Hill Fans,Permutive,2412,Gaming,This is a segment of users who have browsed for silent hill content at least once at any point in time.,Occasionally browses silent hill content,207001,O,All Time,gaming
Moroccan Fans,Permutive,56738,Food & Drink,This is a segment of users who have browsed for moroccan content at least 2 times at any point in time.,Regularly browses moroccan content,22141,R,All Time,food-drink
Nuts Fans,Permutive,91435,Food & Drink,This is a segment of users who have browsed for nuts content at least once at any point in time.,Occasionally browses nuts content,272384,O,All Time,food-drink
Viking Fans,Permutive,17288,Arts & Entertainment,This is a segment of users who have browsed for viking content at least once at any point in time.,Occasionally browses viking content,31024,O,All Time,arts-entertainment
Foodies -Food & Drink -Analytics-Food Fans,Permutive,4154124,Uncategorised,This is a segment of users who have browsed for foodies -food & drink -analytics-food content at any point in time.,Browses foodies -food & drink -analytics-food content,15325,,,uncategorised
Iron Rich Vegetarian Fans,Permutive,2063,Food & Drink,This is a segment of users who have browsed for iron rich vegetarian content at least 2 times at any point in time.,Regularly browses iron rich vegetarian content,22075,R,All Time,food-drink
Black History Fans,Permutive,139,Interest,This is a segment of users who have browsed for black history content at least once at any point in time.,Occasionally browses black history content,243508,O,All Time,interest
Travel Intenders Fans,Permutive,367941,Travel,This is a segment of users who have browsed for travel intenders content at least 2 times at any point in time.,Regularly browses travel intenders content,7773,R,All Time,travel
Supermini Fans,Permutive,51841,Auto,This is a segment of users who have browsed for supermini content at least 2 times at any point in time.,Regularly browses supermini content,10192,R,All Time,auto
Orbea Favourite Cycling brands Fans,Permutive,166799,Sports,This is a segment of users who have browsed for orbea favourite cycling brands content at least 2 times at any point in time.,Regularly browses orbea favourite cycling brands content,40650,R,All Time,sports
Indian Fans,Permutive,3623,Food & Drink,This is a segment of users who have browsed for indian content at least 2 times at any point in time.,Regularly browses indian content,61294,R,All Time,food-drink
Good Food Wellness Fans Lookalike,Permutive,175878,Food & Drink,This is a lookalike segment based on the 'Good Food Wellness Fans' seed segment.,Regularly browses related content,241070,R,90 Days,food-drink
Film fans,Permutive,666308,Arts & Entertainment,This is a segment of users who have browsed for film fans content at least 2 times at any point in time.,Regularly browses film fans content,6457,R,All Time,arts-entertainment
Ad View Fans,Permutive,1,RiverStreet MPU Q1,This is a segment of users who have browsed for ad view content at any point in time.,Browses ad view content,13074,,,riverstreet-mpu-q1
Virtual Reality Fans,Permutive,11401,Interest,This is a segment of users who have browsed for virtual reality content at least 2 times at any point in time.,Regularly browses virtual reality content,120677,R,All Time,interest
Euro fans,Permutive,23146,Arts & Entertainment,This is a segment of users who have browsed for euro fans content at least 2 times at any point in time.,Regularly browses euro fans content,72977,R,All Time,arts-entertainment
Sports Enthusiasts Fans,Permutive,585044,Uncategorised,This is a segment of users who have browsed for sports enthusiasts content at least 2 times at any point in time.,Regularly browses sports enthusiasts content,27601,R,All Time,uncategorised
Baby Content Lookalike,Permutive,397838,Parenting,This is a lookalike segment based on the 'Baby Content Fans' seed segment.,Occasionally browses related content,93404,O,All Time,parenting
Tom Kerridge Fans,Permutive,161137,Food & Drink,This is a segment of users who have browsed for tom kerridge content at least 2 times at any point in time.,Regularly browses tom kerridge content,151205,R,All Time,food-drink
Estates Fans,Permutive,53429,Auto,This is a segment of users who have browsed for estates content at least 2 times at any point in time.,Regularly browses estates content,10295,R,All Time,auto
Vegetarian-Food & Drink -Analytics-Food Diet Fans,Permutive,113290,Uncategorised,This is a segment of users who have browsed for vegetarian-food & drink -analytics-food diet content at any point in time.,Browses vegetarian-food & drink -analytics-food diet content,15343,,,uncategorised
IBS Friendly Diet Fans,Permutive,3613635,Food & Drink,This is a segment of users who have browsed for ibs friendly diet content at least 2 times at any point in time.,Regularly browses ibs friendly diet content,26965,R,All Time,food-drink
Small SUV Fans,Permutive,261542,Auto,This is a segment of users who have browsed for small suv content at least 2 times at any point in time.,Regularly browses small suv content,10190,R,All Time,auto
Leisure/Family Cyclists Fans,Permutive,101802,Sports,This is a segment of users who have browsed for leisure/family cyclists content at least 2 times at any point in time.,Regularly browses leisure/family cyclists content,38283,R,All Time,sports
British Fans,Permutive,1159438,Food & Drink,This is a segment of users who have browsed for british content at least 2 times at any point in time.,Regularly browses british content,8211,R,All Time,food-drink
Convertibles Fans,Permutive,34956,Auto,This is a segment of users who have browsed for convertibles content at least 2 times at any point in time.,Regularly browses convertibles content,10293,R,All Time,auto
USA Everyone Fans,Permutive,1187827,Uncategorised,This is a segment of users who have browsed for usa everyone content at least once in the last 90 days.,Occasionally browses usa everyone content,218304,O,90 Days,uncategorised
GoodFood Irish Users Fans,Permutive,331265,Food & Drink,This is a segment of users who have browsed for goodfood irish users content at least 2 times at any point in time.,Regularly browses goodfood irish users content,66592,R,All Time,food-drink
Dinner Party Fans,Permutive,632162,Food & Drink,This is a segment of users who have browsed for dinner party content at least 2 times at any point in time.,Regularly browses dinner party content,22338,R,All Time,food-drink
Fantastic Four Cast Fans,Permutive,733,Arts & Entertainment,This is a segment of users who have browsed for fantastic four cast content at least once at any point in time.,Occasionally browses fantastic four cast content,221579,O,All Time,arts-entertainment
Nature Fans,Permutive,739022,Interest,This is a segment of users who have browsed for nature content at least 2 times at any point in time.,Regularly browses nature content,31045,R,All Time,interest
Daily RT TV Listings Viewers Fans,Permutive,481840,Uncategorised,This is a segment of users who have browsed for daily rt tv listings viewers content at any point in time.,Browses daily rt tv listings viewers content,242885,,,uncategorised
Jamie Oliver Fans,Permutive,10566,Food & Drink,This is a segment of users who have browsed for jamie oliver content at least once at any point in time.,Occasionally browses jamie oliver content,246707,O,All Time,food-drink
Garden Design content fans Lookalike,Permutive,1228152,Gardening,This is a lookalike segment based on the 'Garden Design Fans' seed segment.,Occasionally browses related content,187590,O,All Time,gardening
On Demand fans,Permutive,1097326,Arts & Entertainment,This is a segment of users who have browsed for on demand fans content at least 2 times at any point in time.,Regularly browses on demand fans content,6866,R,All Time,arts-entertainment
High Wycombe Geolocation,Permutive,31033,Geo targeting,This is a segment of users who accessed our content from a High Wycombe geolocation in the last 30 days.,Occasionally browses related content,212456,O,30 Days,geo-targeting
Soaps Fans,Permutive,632167,Arts & Entertainment,This is a segment of users who have browsed for soaps content at least 2 times at any point in time.,Regularly browses soaps content,183942,R,All Time,arts-entertainment
M40 Corridor Geolocation,Permutive,266970,Geo targeting,This is a segment of users who accessed our content from a M40 Corridor geolocation in the last 30 days.,Occasionally browses related content,182911,O,30 Days,geo-targeting
Gravy Fans,Permutive,1421806,Food & Drink,This is a segment of users who have browsed for gravy content at least once at any point in time.,Occasionally browses gravy content,234511,O,All Time,food-drink
Low Fat Fans,Permutive,11211,Food & Drink,This is a segment of users who have browsed for low fat content at least 2 times at any point in time.,Regularly browses low fat content,19666,R,All Time,food-drink
Easy Cake Fans,Permutive,280994,Food & Drink,This is a segment of users who have browsed for easy cake content at least 2 times at any point in time.,Regularly browses easy cake content,8414,R,All Time,food-drink
Rugby Fans,Permutive,119180,Arts & Entertainment,This is a segment of users who have browsed for rugby content at least once at any point in time.,Occasionally browses rugby content,249124,O,All Time,arts-entertainment
Tennis Fans 1P,Permutive,45461,Uncategorised,This is a segment of users who have browsed for tennis 1p content at any point in time.,Browses tennis 1p content,27609,,,uncategorised
World War 2 Fans,Permutive,91951,Arts & Entertainment,This is a segment of users who have browsed for world war 2 content at least once at any point in time.,Occasionally browses world war 2 content,8051,O,All Time,arts-entertainment
Dark Comedy Fans,Permutive,50166,Arts & Entertainment,This is a segment of users who have browsed for dark comedy content at least once at any point in time.,Occasionally browses dark comedy content,201908,O,All Time,arts-entertainment
Roman Fans,Permutive,20585,History Extra,This is a segment of users who have browsed for roman content at any point in time.,Browses roman content,17013,,,history-extra
RT Listings Fans,Permutive,531043,Arts & Entertainment,This is a segment of users who have browsed for rt listings content at least 2 times at any point in time.,Regularly browses rt listings content,23285,R,All Time,arts-entertainment
Quiz fans,Permutive,43195,Arts & Entertainment,This is a segment of users who have browsed for quiz fans content at least 2 times at any point in time.,Regularly browses quiz fans content,57130,R,All Time,arts-entertainment
Edible Gift Recipes Fans,Permutive,349711,Food & Drink,This is a segment of users who have browsed for edible gift recipes content at least 2 times at any point in time.,Regularly browses edible gift recipes content,22280,R,All Time,food-drink
Gifting Fans,Permutive,768561,Interest,This is a segment of users who have browsed for gifting content at least 2 times at any point in time.,Regularly browses gifting content,163404,R,All Time,interest
Battle Royale Games Fans Lookalike,Permutive,171798,Gaming,This is a lookalike segment based on the 'Battle Royale Games Fans' seed segment.,Occasionally browses related content,207710,O,All Time,gaming
Health Conscious Foodies Fans,Permutive,2590100,Food & Drink,This is a segment of users who have browsed for health conscious foodies content at least 2 times at any point in time.,Regularly browses health conscious foodies content,7425,R,All Time,food-drink
Gran Turismo Franchise Fans,Permutive,50,Gaming,This is a segment of users who have browsed for gran turismo franchise content at least once at any point in time.,Occasionally browses gran turismo franchise content,207010,O,All Time,gaming
Avatar Lookalike,Permutive,465551,Arts & Entertainment,This is a lookalike segment based on the 'Avatar Fans' seed segment.,Occasionally browses related content,240936,O,All Time,arts-entertainment
Avatar Fans,Permutive,1912,Arts & Entertainment,This is a segment of users who have browsed for avatar content at least 2 times at any point in time.,Regularly browses avatar content,162420,R,All Time,arts-entertainment
Sci-fi Fans,Permutive,198452,Arts & Entertainment,This is a segment of users who have browsed for sci-fi content at least 2 times in the last 90 days.,Regularly browses sci-fi content,124215,R,90 Days,arts-entertainment
iOS Users Fans,Permutive,8900449,Uncategorised,This is a segment of users who have browsed for ios users content at any point in time.,Browses ios users content,75238,,,uncategorised
School Fans,Permutive,119349,Parenting,This is a segment of users who have browsed for school content at least once at any point in time.,Occasionally browses school content,7619,O,All Time,parenting
Cots & Night-time Fans,Permutive,6401,Parenting,This is a segment of users who have browsed for cots & night-time content at least 2 times in the last 90 days.,Regularly browses cots & night-time content,22204,R,90 Days,parenting
More Effort Skill Level Fans,Permutive,192,Food & Drink,This is a segment of users who have browsed for more effort skill level content at least 2 times at any point in time.,Regularly browses more effort skill level content,6905,R,All Time,food-drink
Trade-up Intent Fans,Permutive,2961957,Food & Drink,This is a segment of users who have browsed for trade-up intent content at least once in the last 90 days.,Occasionally browses trade-up intent content,270432,O,90 Days,food-drink
Bike Radar Fans,Permutive,601,Sports,This is a segment of users who have browsed for bike radar content at least 2 times at any point in time.,Regularly browses bike radar content,8320,R,All Time,sports
Vegan-Food & Drink -Analytics-Food Diet Fans,Permutive,84031,Uncategorised,This is a segment of users who have browsed for vegan-food & drink -analytics-food diet content at any point in time.,Browses vegan-food & drink -analytics-food diet content,15342,,,uncategorised
Second pageview since May 1 Fans,Permutive,9516734,Uncategorised,This is a segment of users who have browsed for second pageview since may 1 content at any point in time.,Browses second pageview since may 1 content,14053,,,uncategorised
Halloween Fans,Permutive,103296,Seasonal,This is a segment of users who have browsed for halloween content at least 2 times at any point in time.,Regularly browses halloween content,22297,R,All Time,seasonal
Survival Horror Games Lookalike,Permutive,120382,Gaming,This is a lookalike segment based on the 'Survival Horror Games Fans' seed segment.,Occasionally browses related content,208910,O,All Time,gaming
Regular Easy skill level sweet recipe bakers Fans,Permutive,12961,Food & Drink,This is a segment of users who have browsed for regular easy skill level sweet recipe bakers content at least 2 times at any point in time.,Regularly browses regular easy skill level sweet recipe bakers content,25754,R,1 Month,food-drink
Social media users Fans,Permutive,37927,Uncategorised,This is a segment of users who have browsed for social media users content at least once at any point in time.,Occasionally browses social media users content,7869,O,All Time,uncategorised
Sour Dough - Fans,Permutive,80645,Food & Drink,This is a segment of users who have browsed for sour dough - content at least 5 times at any point in time.,Frequently browses sour dough - content,18306,F,All Time,food-drink
Plants and Trees Lookalike,Permutive,884350,Gardening,This is a lookalike segment based on the 'Plants and Trees Fans' seed segment.,Occasionally browses related content,212398,O,All Time,gardening
Healthy Heart Fans,Permutive,215687,Food & Drink,This is a segment of users who have browsed for healthy heart content at least once at any point in time.,Occasionally browses healthy heart content,8111,O,All Time,food-drink
Cooking Time Exceeds 2 Hours Fans,Permutive,6934342,Food & Drink,This is a segment of users who have browsed for cooking time exceeds 2 hours content at least 2 times at any point in time.,Regularly browses cooking time exceeds 2 hours content,10888,R,All Time,food-drink
Indulgent -Food & Drink -Analytics-Food Diet Fans,Permutive,1103403,Uncategorised,This is a segment of users who have browsed for indulgent -food & drink -analytics-food diet content at any point in time.,Browses indulgent -food & drink -analytics-food diet content,15337,,,uncategorised
Maple Syrup Fans,Permutive,335988,Food & Drink,This is a segment of users who have browsed for maple syrup content at least 2 times at any point in time.,Regularly browses maple syrup content,246440,R,All Time,food-drink
2-for-1 Gardens Visitors Fans,Permutive,18310,Gardening,This is a segment of users who have browsed for 2-for-1 gardens visitors content at least 2 times in the last 90 days.,Regularly browses 2-for-1 gardens visitors content,198181,R,90 Days,gardening
Iced Tea Fans,Permutive,31331,Food & Drink,This is a segment of users who have browsed for iced tea content at least once at any point in time.,Occasionally browses iced tea content,183908,O,All Time,food-drink
Skoda Fans,Permutive,22728,Auto,This is a segment of users who have browsed for skoda content at least 2 times at any point in time.,Regularly browses skoda content,10385,R,All Time,auto
Tesla Fans,Permutive,15190,Auto,This is a segment of users who have browsed for tesla content at least 2 times at any point in time.,Regularly browses tesla content,22166,R,All Time,auto
Diwali Fans,Permutive,8813,Food & Drink,This is a segment of users who have browsed for diwali content at least once at any point in time.,Occasionally browses diwali content,10155,O,All Time,food-drink
Pushchairs Fans,Permutive,8673,Parenting,This is a segment of users who have browsed for pushchairs content at least 2 times in the last 90 days.,Regularly browses pushchairs content,22255,R,90 Days,parenting
Picnic Fans,Permutive,31291,Food & Drink,This is a segment of users who have browsed for picnic content at least once at any point in time.,Occasionally browses picnic content,6972,O,All Time,food-drink
Casual Games Fans Lookalike,Permutive,269517,Gaming,This is a lookalike segment based on the 'Casual Games Fans' seed segment.,Regularly browses related content,121993,R,All Time,gaming
Gardeners World Fans,Permutive,732879,Gardening,This is a segment of users who have browsed for gardeners world content at least 2 times at any point in time.,Regularly browses gardeners world content,8137,R,All Time,gardening
Premium Tech Fans,Permutive,8690,Interest,This is a segment of users who have browsed for premium tech content at least 2 times at any point in time.,Regularly browses premium tech content,129786,R,All Time,interest
Serves 6+ Fans,Permutive,4675511,Food & Drink,This is a segment of users who have browsed for serves 6+ content at least 2 times at any point in time.,Regularly browses serves 6+ content,6906,R,All Time,food-drink
Beginner Cyclists Fans,Permutive,12597,Sports,This is a segment of users who have browsed for beginner cyclists content at least 2 times at any point in time.,Regularly browses beginner cyclists content,38281,R,All Time,sports
African Fans,Permutive,296470,Food & Drink,This is a segment of users who have browsed for african content at least once at any point in time.,Occasionally browses african content,170157,O,All Time,food-drink
God of War Fans,Permutive,2199,Gaming,This is a segment of users who have browsed for god of war content at least once at any point in time.,Occasionally browses god of war content,206812,O,All Time,gaming
Executives Fans,Permutive,101367,Auto,This is a segment of users who have browsed for executives content at least 2 times at any point in time.,Regularly browses executives content,10296,R,All Time,auto
Baldur's Gate Franchise Fans,Permutive,1411,Gaming,This is a segment of users who have browsed for baldur's gate franchise content at least once at any point in time.,Occasionally browses baldur's gate franchise content,206968,O,All Time,gaming
Kitchen Appliance/Equipment Intenders Fans,Permutive,251799,Food & Drink,This is a segment of users who have browsed for kitchen appliance/equipment intenders content at least 2 times in the last 90 days.,Regularly browses kitchen appliance/equipment intenders content,22276,R,90 Days,food-drink
Toddler/Preschool Fans,Permutive,22327,Parenting,This is a segment of users who have browsed for toddler/preschool content at least once at any point in time.,Occasionally browses toddler/preschool content,66394,O,7 Days,parenting
Music Festival Fans,Permutive,12212,Arts & Entertainment,This is a segment of users who have browsed for music festival content at least once at any point in time.,Occasionally browses music festival content,218246,O,All Time,arts-entertainment
Madeformums fans,Permutive,40039,Parenting,This is a segment of users who have browsed for madeformums fans content at least 2 times at any point in time.,Regularly browses madeformums fans content,19549,R,All Time,parenting
Ice Cream Fans,Permutive,1590161,Food & Drink,This is a segment of users who have browsed for ice cream content at any point in time.,Browses ice cream content,247859,,,food-drink
Baking -Food & Drink -Analytics-Food Cuisine Fans,Permutive,1176578,Uncategorised,This is a segment of users who have browsed for baking -food & drink -analytics-food cuisine content at any point in time.,Browses baking -food & drink -analytics-food cuisine content,15329,,,uncategorised
First Time Parents Lookalike,Permutive,801086,Parenting,This is a lookalike segment based on the 'First Time Parents Fans' seed segment.,Occasionally browses related content,93405,O,All Time,parenting
Weymouth Geolocation,Permutive,7121,Geo targeting,This is a segment of users who accessed our content from a Weymouth geolocation in the last 30 days.,Occasionally browses related content,220699,O,30 Days,geo-targeting
Cross-Country Cycling Fans,Permutive,75,Sports,This is a segment of users who have browsed for cross-country cycling content at least 2 times at any point in time.,Regularly browses cross-country cycling content,125540,R,All Time,sports
Family Films Lookalike,Permutive,356402,Arts & Entertainment,This is a lookalike segment based on the 'Family Films Fans' seed segment.,Regularly browses related content,117167,R,All Time,arts-entertainment
MG Motors Fans,Permutive,12474,Auto,This is a segment of users who have browsed for mg motors content at any point in time.,Browses mg motors content,241751,,,auto
Vegetarian Fans,Permutive,297189,Food & Drink,This is a segment of users who have browsed for vegetarian content at least 2 times at any point in time.,Regularly browses vegetarian content,8600,R,All Time,food-drink
Herbs & Spices Fans,Permutive,1198828,Food & Drink,This is a segment of users who have browsed for herbs & spices content at least 2 times at any point in time.,Regularly browses herbs & spices content,7597,R,All Time,food-drink
Low GI Fans,Permutive,43623,Food & Drink,This is a segment of users who have browsed for low gi content at least 2 times at any point in time.,Regularly browses low gi content,22093,R,All Time,food-drink
Summer Family Recipes Fans,Permutive,43439,Food & Drink,This is a segment of users who have browsed for summer family recipes content at least 2 times at any point in time.,Regularly browses summer family recipes content,8472,R,All Time,food-drink
Family & Together-Time Enthusiasts Fans,Permutive,2969814,ATRIA,This is a segment of users who have browsed for family & together-time enthusiasts content at any point in time.,Browses family & together-time enthusiasts content,252167,,,atria
Lego Fans,Permutive,41861,Parenting,This is a segment of users who have browsed for lego content at least once at any point in time.,Browses lego content,253289,,,parenting
TV/Film Reviewers Fans,Permutive,144083,Arts & Entertainment,This is a segment of users who have browsed for tv/film reviewers content at least 2 times at any point in time.,Regularly browses tv/film reviewers content,56614,R,All Time,arts-entertainment
Travel Fans,Permutive,1047016,Food & Drink,This is a segment of users who have browsed for travel content at least 2 times at any point in time.,Regularly browses travel content,69805,R,All Time,food-drink
Eat like an Athlete Fans,Permutive,255933,Food & Drink,This is a segment of users who have browsed for eat like an athlete content at least 2 times at any point in time.,Regularly browses eat like an athlete content,8417,R,All Time,food-drink
General Christmas Food Planners Fans,Permutive,796476,Food & Drink,This is a segment of users who have browsed for general christmas food planners content at least 2 times at any point in time.,Regularly browses general christmas food planners content,10823,R,All Time,food-drink
Fantasy,Permutive,518492,Arts & Entertainment,This is a segment of users who have browsed for fantasy content at least once at any point in time.,Occasionally browses fantasy content,16117,O,All Time,arts-entertainment
croft sherry dec'21 Fans,Permutive,3,Uncategorised,This is a segment of users who have browsed for croft sherry dec'21 content at any point in time.,Browses croft sherry dec'21 content,92262,,,uncategorised
Traces Fans,Permutive,2356,Arts & Entertainment,This is a segment of users who have browsed for traces content at least 2 times at any point in time.,Regularly browses traces content,95747,R,All Time,arts-entertainment
Canyon Fans,Permutive,1186,Sports,This is a segment of users who have browsed for canyon content at least once at any point in time.,Occasionally browses canyon content,8267,O,All Time,sports
Peugeot Fans,Permutive,131934,Auto,This is a segment ofusers who accessed our content from a Christchurch geolocation in the last 30 days.,Regularly browses related content,10378,R,All Time,auto
Users who have visited Login page Fans,Permutive,261,RT,This is a segment of users who have browsed for users who have visited login page content at any point in time.,Browses users who have visited login page content,38693,,,rt
How to maintain the garden Fans,Permutive,121584,Gardening,This is a segment of users who have browsed for how to maintain the garden content at least once at any point in time.,Occasionally browses how to maintain the garden content,8141,O,All Time,gardening
Tech Savvy Gardeners Lookalike,Permutive,263921,Gardening,This is a lookalike segment based on the 'Tech Savvy Gardeners Fans' seed segment.,Occasionally browses related content,220986,O,All Time,gardening
Reviewers Lookalike,Permutive,717983,Gardening,This is a lookalike segment based on the 'Reviewers Fans' seed segment.,Regularly browses related content,187591,R,All Time,gardening
Party food fans,Permutive,1134472,Food & Drink,This is a segment of users who have browsed for party food fans content at least 2 times at any point in time.,Regularly browses party food fans content,22345,R,All Time,food-drink
Calcium Fans,Permutive,1004428,Food & Drink,This is a segment of users who have browsed for calcium content at least 2 times in the last 30 days.,Regularly browses calcium content,136121,R,30 Days,food-drink
Home Improvers Fans,Permutive,426195,Interest,This is a segment of users who have browsed for home improvers content at least 2 times at any point in time.,Regularly browses home improvers content,120685,R,All Time,interest
Itvx fans,Permutive,517696,Arts & Entertainment,This is a segment of users who have browsed for itvx fans content at least 2 times in the last 90 days.,Regularly browses itvx fans content,187082,R,90 Days,arts-entertainment
Occasional Health Conscious Foodies Fans,Permutive,3440441,Food & Drink,This is a segment of users who have browsed for occasional health conscious foodies content at least 2 times at any point in time.,Regularly browses occasional health conscious foodies content,41709,R,60 days,food-drink
Tesla Fans Lookalike,Permutive,80730,Auto,This is a lookalike segment based on the 'Tesla Fans' seed segment.,Occasionally browses related content,241761,O,All Time,auto
Bike brand fans,Permutive,36544,Sports,This is a segment of users who have browsed for bike brand fans content at least once at any point in time.,Occasionally browses bike brand fans content,29737,O,All Time,sports
British TV/Film Lookalike,Permutive,3296140,Arts & Entertainment,This is a lookalike segment based on the 'British TV/Film Fans' seed segment.,Regularly browses related content,33983,R,All Time,arts-entertainment
Ginger Fans,Permutive,492226,Food & Drink,This is a segment of users who have browsed for ginger content at least 2 times at any point in time.,Regularly browses ginger content,7600,R,All Time,food-drink
History Extra referred by Facebook Fans,Permutive,282,Uncategorised,This is a segment of users who have browsed for history extra referred by facebook content at any point in time.,Browses history extra referred by facebook content,23690,,,uncategorised
Feeding Products Fans,Permutive,2789,Parenting,This is a segment of users who have browsed for feeding products content at least 2 times in the last 90 days.,Regularly browses feeding products content,22210,R,90 Days,parenting
TV Listings Fans,Permutive,1080235,Arts & Entertainment,This is a segment of users who have browsed for tv listings content at least 2 times at any point in time.,Regularly browses tv listings content,6867,R,All Time,arts-entertainment
Historical Games Fans,Permutive,14254,Gaming,This is a segment of users who have browsed for historical games content at least once at any point in time.,Occasionally browses historical games content,216506,O,All Time,gaming
Space Fans,Permutive,28294,Interest,This is a segment of users who have browsed for space content at least once at any point in time.,Occasionally browses space content,31061,O,All Time,interest
Cinnamon Fans,Permutive,435407,Food & Drink,This is a segment of users who have browsed for cinnamon content at least 2 times at any point in time.,Regularly browses cinnamon content,7599,R,All Time,food-drink
Regular Easy skill level bakers Fans,Permutive,14655,Food & Drink,This is a segment of users who have browsed for regular easy skill level bakers content at least 2 times at any point in time.,Regularly browses regular easy skill level bakers content,25752,R,1 Month,food-drink
Action Adventure Games Fans,Permutive,165784,Gaming,This is a segment of users who have browsed for action adventure games content at least once at any point in time.,Occasionally browses action adventure games content,207895,O,All Time,gaming
Amazon Prime Fans,Permutive,124421,Arts & Entertainment,This is a segment of users who have browsed for amazon prime content at least 2 times at any point in time.,Regularly browses amazon prime content,30166,R,All Time,arts-entertainment
Competition Fans,Permutive,43744,Arts & Entertainment,This is a segment of users who have browsed for competition content at least once at any point in time.,Occasionally browses competition content,7635,O,All Time,arts-entertainment
Good Food Fitness Fans,Permutive,1,Food & Drink,This is a segment of users who have browsed for good food fitness content at least once in the last 90 days.,Occasionally browses good food fitness content,240073,O,90 Days,food-drink
Sims Franchise Fans,Permutive,23212,Gaming,This is a segment of users who have browsed for sims franchise content at any point in time.,Browses sims franchise content,243585,,,gaming
Serves 2 Fans,Permutive,1628258,Food & Drink,This is a segment of users who have browsed for serves 2 content at least 2 times at any point in time.,Regularly browses serves 2 content,23781,R,All Time,food-drink
Recipes containing Eggs Fans,Permutive,942342,Food & Drink,This is a segment of users who have browsed for recipes containing eggs content at least 5 times at any point in time.,Frequently browses recipes containing eggs content,25163,F,All Time,food-drink
School Lunches Fans,Permutive,11775,Food & Drink,This is a segment of users who have browsed for school lunches content at least once at any point in time.,Occasionally browses school lunches content,8406,O,All Time,food-drink
Japanese Fans,Permutive,97513,Food & Drink,This is a segment of users who have browsed for japanese content at least 2 times at any point in time.,Regularly browses japanese content,61297,R,All Time,food-drink
The Walking Dead Fans,Permutive,25117,Arts & Entertainment,This is a segment of users who have browsed for the walking dead content at least once at any point in time.,Occasionally browses the walking dead content,20749,O,All Time,arts-entertainment
Family Meal Planners -Food & Drink -Analytics-Food Fans,Permutive,30,Uncategorised,This is a segment of users who have browsed for family meal planners -food & drink -analytics-food content at any point in time.,Browses family meal planners -food & drink -analytics-food content,15324,,,uncategorised
SEAT Fans,Permutive,13077,Auto,This is a segment of users who have browsed for seat content at least 2 times at any point in time.,Regularly browses seat content,10406,R,All Time,auto
Adventurous cooks Fans,Permutive,49629,GF,This is a segment of users who have browsed for adventurous cooks content at any point in time.,Browses adventurous cooks content,21645,,,gf
First Person Shooters Games Fans,Permutive,500795,Gaming,This is a segment of users who have browsed for first person shooters games content at least once at any point in time.,Occasionally browses first person shooters games content,207907,O,All Time,gaming
guillermo del toro movies Fans,Permutive,5297,Arts & Entertainment,This is a segment of users who have browsed for guillermo del toro movies content at least 2 times at any point in time.,Regularly browses guillermo del toro movies content,90206,R,All Time,arts-entertainment
Fifa franchise Fans,Permutive,43394,Gaming,This is a segment of users who have browsed for fifa franchise content at least once at any point in time.,Occasionally browses fifa franchise content,194280,O,All Time,gaming
Dopamine Diet Fans,Permutive,1467,Food & Drink,This is a segment of users who have browsed for dopamine diet content at least 2 times at any point in time.,Regularly browses dopamine diet content,22148,R,All Time,food-drink
Simulators Fans Lookalike,Permutive,108205,Gaming,This is a lookalike segment based on the 'Simulators Fans' seed segment.,Regularly browses related content,121992,R,All Time,gaming
SRAM Fans,Permutive,583,Sports,This is a segment of users who have browsed for sram content at least once at any point in time.,Occasionally browses sram content,8265,O,All Time,sports
Mountain Biking Fans,Permutive,15093,Sports,This is a segment of users who have browsed for mountain biking content at least 2 times at any point in time.,Regularly browses mountain biking content,8127,R,All Time,sports
Lights & Visibility Fans,Permutive,48444,Sports,This is a segment of users who have browsed for lights & visibility content at least 2 times at any point in time.,Regularly browses lights & visibility content,38277,R,All Time,sports
Marin Fans,Permutive,594658,Sports,This is a segment of users who have browsed for marin content at least once at any point in time.,Occasionally browses marin content,8298,O,All Time,sports
Countryfile Fans,Permutive,8353,Interest,This is a segment of users who have browsed for countryfile content at least once at any point in time.,Occasionally browses countryfile content,15801,O,All Time,interest
Turkish Fans,Permutive,15324,Food & Drink,This is a segment of users who have browsed for turkish content at least once at any point in time.,Occasionally browses turkish content,22142,O,All Time,food-drink
Fashion Interest Fans,Permutive,556177,Fashion & Beauty,This is a segment of users who have browsed for fashion interest content at least once at any point in time.,Occasionally browses fashion interest content,7470,O,All Time,fashion-beauty
Recovery Fans,Permutive,35845,Sports,This is a segment of users who have browsed for recovery content at least once at any point in time.,Occasionally browses recovery content,8449,O,All Time,sports
Nissan Fans,Permutive,65843,Auto,This is a segment of users who have browsed for nissan content at least 2 times at any point in time.,Regularly browses nissan content,10369,R,All Time,auto
women's history Fans,Permutive,29,History Extra,This is a segment of users who have browsed for women's history content at any point in time.,Browses women's history content,22266,,,history-extra
Seafood Fans,Permutive,3255191,Food & Drink,This is a segment of users who have browsed for seafood content at least 2 times at any point in time.,Regularly browses seafood content,33331,R,All Time,food-drink
Christmas Meal Planners Fans,Permutive,104714,Food & Drink,This is a segment of users who have browsed for christmas meal planners content at least 2 times at any point in time.,Regularly browses christmas meal planners content,252841,R,December 25,food-drink
Parent Foodies Fans,Permutive,29671,Food & Drink,This is a segment of users who have browsed for parent foodies content at least 2 times at any point in time.,Regularly browses parent foodies content,8231,R,All Time,food-drink
"Breakfast, Brunch & Spicy Food Fans",Permutive,3648513,Food & Drink,"This is a segment of users who have browsed for breakfast, brunch & spicy food content at least 5 times at any point in time.","Frequently browses breakfast, brunch & spicy food content",27113,F,All Time,food-drink
History Extra Reading Fans Lookalike,Permutive,1520169,Arts & Entertainment,This is a lookalike segment based on the 'History Extra Reading Fans' seed segment.,Occasionally browses related content,123044,O,All Time,arts-entertainment
Vauxhall Fans,Permutive,18463,Auto,This is a segment of users who have browsed for vauxhall content at least 2 times at any point in time.,Regularly browses vauxhall content,10361,R,All Time,auto
VW Fans,Permutive,87657,Auto,This is a segment of users who have browsed for vw content at least 2 times at any point in time.,Regularly browses vw content,10358,R,All Time,auto
Planet Earth Fans,Permutive,8311,Interest,This is a segment of users who have browsed for planet earth content at least once at any point in time.,Occasionally browses planet earth content,31063,O,All Time,interest
News section visitors RT Lookalike,Permutive,55182,Gaming,This is a lookalike segment based on the 'News section visitors RT Fans' seed segment.,Occasionally browses related content,208049,O,All Time,gaming
Seeds Fans,Permutive,95190,Food & Drink,This is a segment of users who have browsed for seeds content at least once at any point in time.,Occasionally browses seeds content,272386,O,All Time,food-drink
Maserati Fans,Permutive,12276,Auto,This is a segment of users who have browsed for maserati content at least once at any point in time.,Occasionally browses maserati content,28710,O,All Time,auto
Car Intenders Fans,Permutive,143668,Auto,This is a segment of users who have browsed for car intenders content at least 2 times at any point in time.,Regularly browses car intenders content,10315,R,All Time,auto
Pickle Fans,Permutive,104356,Food & Drink,This is a segment of users who have browsed for pickle content at least 2 times at any point in time.,Regularly browses pickle content,165191,R,All Time,food-drink
Luxury Cars Fans,Permutive,110399,Auto,This is a segment of users who have browsed for luxury cars content at least 2 times at any point in time.,Regularly browses luxury cars content,10299,R,All Time,auto
Amazon Fans,Permutive,46748,Arts & Entertainment,This is a segment of users who have browsed for amazon content at least once at any point in time.,Occasionally browses amazon content,13437,O,All Time,arts-entertainment
Cycling Fans,Permutive,601,Sports,This is a segment of users who have browsed for cycling content at least 2 times at any point in time.,Regularly browses cycling content,6582,R,All Time,sports
GPS Fans,Permutive,4136,Sports,This is a segment of users who have browsed for gps content at least once at any point in time.,Occasionally browses gps content,7436,O,All Time,sports
Mazda Fans,Permutive,9805,Auto,This is a segment of users who have browsed for mazda content at least 2 times at any point in time.,Regularly browses mazda content,10412,R,All Time,auto
Entertainment Fans,Permutive,656429,Arts & Entertainment,This is a segment of users who have browsed for entertainment content at least 2 times in the last 90 days.,Regularly browses entertainment content,124264,R,90 Days,arts-entertainment
Photography 1P Fans,Permutive,59730,Interests,This is a segment of users who have browsed for photography 1p content at least once at any point in time.,Occasionally browses photography 1p content,33016,O,All Time,interests
Saddle Fans,Permutive,985,Sports,This is a segment of users who have browsed for saddle content at least once at any point in time.,Occasionally browses saddle content,6180,O,All Time,sports
Specialized Fans,Permutive,119,Sports,This is a segment of users who have browsed for specialized content at least 2 times at any point in time.,Regularly browses specialized content,7725,R,All Time,sports
Sports Games Fans,Permutive,7896,Gaming,This is a segment of users who have browsed for sports games content at least once at any point in time.,Occasionally browses sports games content,207924,O,All Time,gaming
Edinburgh Geolocation,Permutive,103856,Geo targeting,This is a segment of users who accessed our content from an Edinburgh geolocation in the last 30 days.,Occasionally browses related content,185976,O,30 Days,geo-targeting
Radio Fans,Permutive,241592,Arts & Entertainment,This is a segment of users who have browsed for radio content at least once at any point in time.,Occasionally browses radio content,7531,O,All Time,arts-entertainment
TV Fans,Permutive,3112631,Arts & Entertainment,This is a segment of users who have browsed for tv content at least 2 times at any point in time.,Regularly browses tv content,11662,R,All Time,arts-entertainment
Weekend Evening Viewing Fans,Permutive,106106,Arts & Entertainment,This is a segment of users who have browsed for weekend evening viewing content at least once at any point in time.,Occasionally browses weekend evening viewing content,6501,O,All Time,arts-entertainment
Assassin's Creed Fans Lookalike,Permutive,11802,Gaming,This is a lookalike segment based on the 'Assassin's Creed Fans' seed segment.,Occasionally browses related content,216594,O,All Time,gaming
outdoor biking Fans,Permutive,214213,Sports,This is a segment of users who have browsed for outdoor biking content at least 2 times at any point in time.,Regularly browses outdoor biking content,99616,R,All Time,sports
Salisbury Geolocation,Permutive,12108,Geo targeting,This is a segment of users who accessed our content from a Salisbury geolocation in the last 30 days.,Occasionally browses related content,212467,O,30 Days,geo-targeting
classical music Fans,Permutive,5,Uncategorised,This is a segment of users who have browsed for classical music content at any point in time.,Browses classical music content,69910,,,uncategorised
War Drama Fans,Permutive,35374,Arts & Entertainment,This is a segment of users who have browsed for war drama content at least once at any point in time.,Occasionally browses war drama content,241649,O,All Time,arts-entertainment
Freezable Fans,Permutive,6795,Food & Drink,This is a segment of users who have browsed for freezable content at least 5 times at any point in time.,Frequently browses freezable content,61208,F,All Time,food-drink
Love Island Fans,Permutive,24749,Arts & Entertainment,This is a segment of users who have browsed for love island content at least 2 times at any point in time.,Regularly browses love island content,7672,R,All Time,arts-entertainment
BMW Fans,Permutive,55858,Auto,This is a segment of users who have browsed for bmw content at least 2 times at any point in time.,Regularly browses bmw content,10367,R,All Time,auto
Mercedes-Benz Lookalike,Permutive,225069,Auto,This is a lookalike segment based on the 'Mercedes-Benz Fans' seed segment.,Occasionally browses related content,232019,O,All Time,auto
Regular Easy skill level savoury recipe bakers Fans,Permutive,10939,Food & Drink,This is a segment of users who have browsed for regular easy skill level savoury recipe bakers content at least 2 times at any point in time.,Regularly browses regular easy skill level savoury recipe bakers content,25757,R,1 Month,food-drink
History Extra -events Fans,Permutive,447,Uncategorised,This is a segment of users who have browsed for history extra -events content at any point in time.,Browses history extra -events content,54123,,,uncategorised
Chester Geolocation,Permutive,24746,Geo targeting,This is a segment of users who accessed our content from a Chester geolocation in the last 30 days.,Occasionally browses related content,185974,O,30 Days,geo-targeting
December 2024 Top Recipes Audience Fans,Permutive,131849,Food & Drink,This is a segment of users who have browsed for december 2024 top recipes audience content at least once in the last 90 days.,Occasionally browses december 2024 top recipes audience content,252866,O,90 Days,food-drink
Mayonnaise Fans,Permutive,142548,Food & Drink,This is a segment of users who have browsed for mayonnaise content at least 2 times in the last 90 days.,Regularly browses mayonnaise content,139774,R,90 Days,food-drink
Documentary Fans,Permutive,76811,Arts & Entertainment,This is a segment of users who have browsed for documentary content at least 2 times in the last 90 days.,Regularly browses documentary content,124205,R,90 Days,arts-entertainment
Only Murders in the Building Fans,Permutive,861291,Arts & Entertainment,This is a segment of users who have browsed for only murders in the building content at least once at any point in time.,Occasionally browses only murders in the building content,236752,O,All Time,arts-entertainment
Poole Geolocation,Permutive,18286,Geo targeting,This is a segment of users who accessed our content from a Poole geolocation in the last 30 days.,Occasionally browses related content,212457,O,30 Days,geo-targeting
World Cup Listings Fans,Permutive,17,Arts & Entertainment,This is a segment of users who have browsed for world cup listings content at least 2 times at any point in time.,Regularly browses world cup listings content,7633,R,All Time,arts-entertainment
Clothing Fans,Permutive,27720,Sports,This is a segment of users who have browsed for clothing content at least once at any point in time.,Occasionally browses clothing content,10636,O,All Time,sports
Top Gear Fans,Permutive,288732,Auto,This is a segment of users who have browsed for top gear content at least 2 times at any point in time.,Regularly browses top gear content,6244,R,All Time,auto
Pregnancy Products Fans,Permutive,70,Parenting,This is a segment of users who have browsed for pregnancy products content at least 2 times in the last 90 days.,Regularly browses pregnancy products content,22183,R,90 Days,parenting
Waste conscious Fans,Permutive,110488,GF,This is a segment of users who have browsed for waste conscious content at any point in time.,Browses waste conscious content,21839,,,gf
Harry Potter Franchise Fans Lookalike,Permutive,36263,Gaming,This is a lookalike segment based on the 'Harry Potter Franchise Fans' seed segment.,Occasionally browses related content,208047,O,All Time,gaming
Second World War Fans,Permutive,41953,History Extra,This is a segment of users who have browsed for second world war content at any point in time.,Browses second world war content,17017,,,history-extra
Bank Holidays Fans,Permutive,22259,Food & Drink,This is a segment of users who have browsed for bank holidays content at least once at any point in time.,Occasionally browses bank holidays content,6663,O,All Time,food-drink
Music Festival Fans Lookalike,Permutive,385569,Arts & Entertainment,This is a lookalike segment based on the 'Music Festival Fans' seed segment.,Occasionally browses related content,241392,O,All Time,arts-entertainment
2-for-1 Gardens Visitors Lookalike,Permutive,303898,Gardening,This is a lookalike segment based on the '2-for-1 Gardens Visitors Fans' seed segment.,Occasionally browses related content,220910,O,90 Days,gardening
Call of Duty Franchise Fans,Permutive,500078,Gaming,This is a segment of users who have browsed for call of duty franchise content at least once at any point in time.,Occasionally browses call of duty franchise content,206970,O,All Time,gaming
Red Wine fans,Permutive,347955,Food & Drink,This is a segment of users who have browsed for red wine fans content at least 2 times in the last 90 days.,Regularly browses red wine fans content,189331,R,90 Days,food-drink
Nando's-Good Food-June23 Fans,Permutive,3,Uncategorised,This is a segment of users who have browsed for nando's-good food-june23 content at any point in time.,Browses nando's-good food-june23 content,153808,,,uncategorised
Tudors Fans,Permutive,26739,History Extra,This is a segment of users who have browsed for tudors content at any point in time.,Browses tudors content,15833,,,history-extra
GoodFood Users Fans,Permutive,3718588,Food & Drink,This is a segment of users who have browsed for goodfood users content at least 5 times at any point in time.,Frequently browses goodfood users content,16208,F,All Time,food-drink
Role Playing Games Fans,Permutive,14535,Gaming,This is a segment of users who have browsed for role playing games content at least once at any point in time.,Occasionally browses role playing games content,207906,O,All Time,gaming
Mystery Thriller Fans,Permutive,526082,Arts & Entertainment,This is a segment of users who have browsed for mystery thriller content at least once at any point in time.,Occasionally browses mystery thriller content,201925,O,All Time,arts-entertainment
Valentines Lookalike,Permutive,225749,Food & Drink,This is a lookalike segment based on the 'Valentines Fans' seed segment.,Occasionally browses related content,257188,O,All Time,food-drink
Watches Fans,Permutive,4501,Interest,This is a segment of users who have browsed for watches content at least 2 times at any point in time.,Regularly browses watches content,105245,R,All Time,interest
Early Tech Adopters Fans,Permutive,400159,Technology,This is a segment of users who have browsed for early tech adopters content at least 2 times at any point in time.,Regularly browses early tech adopters content,7523,R,All Time,technology
Sustainability Fans,Permutive,5852573,Interest,This is a segment of users who have browsed for sustainability content at least 2 times in the last 90 days.,Regularly browses sustainability content,130869,R,90 Days,interest
Kids Toys Fans,Permutive,2574,Parenting,This is a segment of users who have browsed for kids toys content at least 2 times in the last 90 days.,Regularly browses kids toys content,22271,R,90 Days,parenting
First World War Fans,Permutive,5299,Arts & Entertainment,This is a segment of users who have browsed for first world war content at least 2 times at any point in time.,Regularly browses first world war content,28326,R,All Time,arts-entertainment
Boxing Fans Lookalike,Permutive,353723,Sports,This is a lookalike segment based on the 'Boxing Fans' seed segment.,Occasionally browses related content,194142,O,All Time,sports
Weekly Meal Planners -Food & Drink -Analytics AP-Food Shop pref Fans,Permutive,560126,Uncategorised,This is a segment of users who have browsed for weekly meal planners -food & drink -analytics ap-food shop pref content at any point in time.,Browses weekly meal planners -food & drink -analytics ap-food shop pref content,15340,,,uncategorised
Paleo Diet Fans,Permutive,2006,Food & Drink,This is a segment of users who have browsed for paleo diet content at least 2 times at any point in time.,Regularly browses paleo diet content,22032,R,All Time,food-drink
Olive Bakers Fans,Permutive,95400,Food & Drink,This is a segment of users who have browsed for olive bakers content at least once at any point in time.,Occasionally browses olive bakers content,10675,O,All Time,food-drink
Kingston Upon Thames Geolocation,Permutive,16011,Geo targeting,This is a segment of users who accessed our content from a Kingston Upon Thames geolocation in the last 30 days.,Occasionally browses related content,212526,O,30 Days,geo-targeting
GW - March 23 Fans,Permutive,1,Stihl,This is a segment of users who have browsed for gw - march 23 content at any point in time.,Browses gw - march 23 content,141272,,,stihl
Sweet Potato Fans,Permutive,338821,Food & Drink,This is a segment of users who have browsed for sweet potato content at any point in time.,Browses sweet potato content,257249,,,food-drink
Romantic Movies Fans Lookalike,Permutive,210038,Arts & Entertainment,This is a lookalike segment based on the 'Romantic Movies Fans' seed segment.,Occasionally browses related content,221149,O,All Time,arts-entertainment
BT Users Fans,Permutive,2014078,Internet Service Provider,This is a segment of users who have browsed for bt users content at least once in the last 30 days.,Occasionally browses bt users content,164436,O,30 Days,internet-service-provider
F1 Fans,Permutive,161342,Auto,This is a segment of users who have browsed for f1 content at least once at any point in time.,Occasionally browses f1 content,13438,O,All Time,auto
Blackpool Geolocation,Permutive,17691,Geo targeting,This is a segment of users who accessed our content from a Blackpool geolocation in the last 30 days.,Occasionally browses related content,185972,O,30 Days,geo-targeting
Garden Design content fans,Permutive,69345,Gardening,This is a segment of users who have browsed for garden design content at least once at any point in time.,Occasionally browses garden design content,187313,O,All Time,gardening
BBC iPlayer Fans,Permutive,814253,Arts & Entertainment,This is a segment of users who have browsed for bbc iplayer content at least 2 times at any point in time.,Regularly browses bbc iplayer content,95748,R,All Time,arts-entertainment
Huawei Lookalike,Permutive,1082749,Device,This is a lookalike segment based on the 'Huawei Fans' seed segment.,Occasionally browses related content,87238,O,All Time,device
Uplifting/Switch Off Shows Fans,Permutive,194666,Arts & Entertainment,This is a segment of users who have browsed for uplifting/switch off shows content at any point in time.,Browses uplifting/switch off shows content,247287,,,arts-entertainment
Mexican Fans,Permutive,671020,Food & Drink,This is a segment of users who have browsed for mexican content at least 2 times at any point in time.,Regularly browses mexican content,22130,R,All Time,food-drink
Android users Fans,Permutive,5528381,Uncategorised,This is a segment of users who have browsed for android users content at any point in time.,Browses android users content,75239,,,uncategorised
Tudor Fans,Permutive,18884,Arts & Entertainment,This is a segment of users who have browsed for tudor content at least 2 times at any point in time.,Regularly browses tudor content,31033,R,All Time,arts-entertainment
25-34 Fans,Permutive,48,Audience Project,This is a segment of users who have browsed for 25-34 content at any point in time.,Browses 25-34 content,10874,,,audience-project
Pina Colada Recipe Visitors Fans,Permutive,17543,Uncategorised,This is a segment of users who have browsed for pina colada recipe visitors content at any point in time.,Browses pina colada recipe visitors content,240140,,,uncategorised
Olympics 1P Lookalike,Permutive,409379,Uncategorised,This is a lookalike segment based on the 'Olympics 1P Fans' seed segment.,Browses related content,154308,,,uncategorised
Franchises fans Fans,Permutive,259737,Gaming,This is a segment of users who have browsed for franchises fans content at least once at any point in time.,Occasionally browses franchises fans content,194383,O,All Time,gaming
JLR competitor set - neg. review Fans,Permutive,825,Auto,This is a segment of users who have browsed for jlr competitor set - neg. review content at least once at any point in time.,Occasionally browses jlr competitor set - neg. review content,219374,O,Current Session,auto
Football Manager Fans,Permutive,5172,Gaming,This is a segment of users who have browsed for football manager content at least once at any point in time.,Occasionally browses football manager content,206645,O,All Time,gaming
Large SUVs Fans,Permutive,495231,Auto,This is a segment of users who have browsed for large suvs content at least 2 times at any point in time.,Regularly browses large suvs content,10298,R,All Time,auto
Hot Hatches Lookalike,Permutive,175225,Auto,This is a lookalike segment based on the 'Hot Hatches Fans' seed segment.,Regularly browses related content,180986,R,All Time,auto
Rice Fans,Permutive,414388,Food & Drink,This is a segment of users who have browsed for rice content at least 2 times at any point in time.,Regularly browses rice content,14396,R,All Time,food-drink
London Geolocation,Permutive,5936148,Geo targeting,This is a segment of users who accessed our content from a London geolocation in the last 30 days.,Occasionally browses related content,182909,O,30 Days,geo-targeting
Supportive parents Lookalike,Permutive,126023,Parenting,This is a lookalike segment based on the 'Supportive parents Fans' seed segment.,Regularly browses related content,125542,R,90 Days,parenting
Back to School Fans,Permutive,2161003,Parenting,This is a segment of users who have browsed for back to school content at least once at any point in time.,Occasionally browses back to school content,270011,O,Last 12 Months,parenting
Healthy Snackers Fans,Permutive,21959,Food & Drink,This is a segment of users who have browsed for healthy snackers content at least 2 times at any point in time.,Regularly browses healthy snackers content,10107,R,All Time,food-drink
Asian -Food & Drink Fans,Permutive,88916,Uncategorised,This is a segment of users who have browsed for asian -food & drink content at least 5 times at any point in time.,Frequently browses asian -food & drink content,15327,F,All Time,uncategorised
Family Bonders Fans,Permutive,1270011,Arts & Entertainment,This is a segment of users who have browsed for family bonders content at least once at any point in time.,Occasionally browses family bonders content,251507,O,All Time,arts-entertainment
Milk Fans,Permutive,1901452,Food & Drink,This is a segment of users who have browsed for milk content at least 2 times at any point in time.,Regularly browses milk content,158554,R,All Time,food-drink
Live Sports Events Fans,Permutive,254789,Arts & Entertainment,This is a segment of users who have browsed for live sports events content at least 2 times at any point in time.,Regularly browses live sports events content,116910,R,All Time,arts-entertainment
q365.5 brands Fans,Permutive,47720,Sports,This is a segment of users who have browsed for q365.5 brands content at least 2 times at any point in time.,Regularly browses q365.5 brands content,37186,R,All Time,sports
Minecraft franchise Fans Lookalike,Permutive,116503,Gaming,This is a lookalike segment based on the 'Minecraft franchise Fans' seed segment.,Occasionally browses related content,206788,O,All Time,gaming
City-Car Fans,Permutive,45493,Auto,This is a segment of users who have browsed for city-car content at least 2 times at any point in time.,Regularly browses city-car content,10191,R,All Time,auto
Jeremy Clarkson Fans,Permutive,35807,Auto,This is a segment of users who have browsed for jeremy clarkson content at least 2 times at any point in time.,Regularly browses jeremy clarkson content,72599,R,All Time,auto
East of England Geolocation,Permutive,734991,Geo targeting,This is a segment of users who accessed our content from an East of England geolocation in the last 30 days.,Occasionally browses related content,187235,O,30 Days,geo-targeting
Baldur's Gate Franchise Fans Lookalike,Permutive,36612,Gaming,This is a lookalike segment based on the 'Baldur's Gate Franchise Fans' seed segment.,Occasionally browses related content,216707,O,All Time,gaming
Auto Intender Fans,Permutive,78065,Auto,This is a segment of users who have browsed for auto intender content at least 2 times in the last 30 days.,Regularly browses auto intender content,12921,R,30 Days,auto
RT Streaming Section Visitors Fans,Permutive,35901,Uncategorised,This is a segment of users who have browsed for rt streaming section visitors content at any point in time.,Browses rt streaming section visitors content,242848,,,uncategorised
Luton Geolocation,Permutive,98278,Geo targeting,This is a segment of users who accessed our content from a Luton geolocation in the last 30 days.,Occasionally browses related content,212527,O,30 Days,geo-targeting
Disney Lookalike,Permutive,166120,Arts & Entertainment,This is a lookalike segment based on the 'Disney Fans' seed segment.,Regularly browses related content,162417,R,All Time,arts-entertainment
The Royal Wedding Fans,Permutive,77107,Arts & Entertainment,This is a segment of users who have browsed for the royal wedding content at least once at any point in time.,Occasionally browses the royal wedding content,7086,O,All Time,arts-entertainment
Dried Fruit Fans,Permutive,33696,Food & Drink,This is a segment of users who have browsed for dried fruit content at least once at any point in time.,Occasionally browses dried fruit content,272383,O,All Time,food-drink
Exeter Geolocation,Permutive,24357,Geo targeting,This is a segment of users who accessed our content from a Exeter geolocation in the last 30 days.,Occasionally browses related content,212537,O,30 Days,geo-targeting
Gladiator 2 Film/Cast Lookalike,Permutive,483954,Arts & Entertainment,This is a lookalike segment based on the 'Gladiator 2 Film/Cast Fans' seed segment.,Occasionally browses related content,194004,O,All Time,arts-entertainment
Alternative Christmas Lookalike,Permutive,604397,Food & Drink,This is a lookalike segment based on the 'Alternative Christmas Fans' seed segment.,Regularly browses related content,187454,R,All Time,food-drink
45-54 Fans,Permutive,47,Audience Project,This is a segment of users who have browsed for 45-54 content at any point in time.,Browses 45-54 content,10876,,,audience-project
Formula 1 Fans,Permutive,58580,Arts & Entertainment,This is a segment of users who have browsed for formula 1 content at least 2 times at any point in time.,Regularly browses formula 1 content,22155,R,All Time,arts-entertainment
Psychological Thriller Fans,Permutive,394574,Arts & Entertainment,This is a segment of users who have browsed for psychological thriller content at least once at any point in time.,Occasionally browses psychological thriller content,269225,O,All Time,arts-entertainment
Summer Host - Fans,Permutive,5150821,Food & Drink,This is a segment of users who have browsed for summer host - content in the last 30 days.,Browses summer host - content,264818,,,food-drink
Nutrient-Dense Health Seekers Fans,Permutive,3404078,Food & Drinks,This is a segment of users who have browsed for nutrient-dense health seekers content at least 2 times in the last 30 days.,Regularly browses nutrient-dense health seekers content,259318,R,30 Days,food-drinks
Radio Times Fans,Permutive,6508480,Arts & Entertainment,This is a segment of users who have browsed for radio times content at least once at any point in time.,Occasionally browses radio times content,6396,O,All Time,arts-entertainment
Good Health Fans,Permutive,6799,GF,This is a segment of users who have browsed for good health content at any point in time.,Browses good health content,246163,,,gf
Queen's Jubilee Fans,Permutive,18458,Arts & Entertainment,This is a segment of users who have browsed for queen's jubilee content at least 2 times at any point in time.,Regularly browses queen's jubilee content,101057,R,All Time,arts-entertainment
Recipes with garlic superfans 10+,Permutive,92027,Food & Drink,This is a segment of users who have browsed for recipes with garlic superfans 10+ content at least 5 times at any point in time.,Frequently browses recipes with garlic superfans 10+ content,29072,F,60 days,food-drink
Challenge Skill Level Fans,Permutive,144241,Food & Drink,This is a segment of users who have browsed for challenge skill level content at least 2 times at any point in time.,Regularly browses challenge skill level content,6903,R,All Time,food-drink
Slimming world enagaged sep'21 Fans,Permutive,3,Uncategorised,This is a segment of users who have browsed for slimming world enagaged sep'21 content at any point in time.,Browses slimming world enagaged sep'21 content,83675,,,uncategorised
War Drama Fans Lookalike,Permutive,148450,Arts & Entertainment,This is a lookalike segment based on the 'War Drama Fans' seed segment.,Occasionally browses related content,242918,O,All Time,arts-entertainment
Porsche Fans,Permutive,20501,Auto,This is a segment of users who have browsed for porsche content at least 2 times at any point in time.,Regularly browses porsche content,7613,R,All Time,auto
Occasional Easy skill level bakers Fans,Permutive,36709,Food & Drink,This is a segment of users who have browsed for occasional easy skill level bakers content at least once at any point in time.,Occasionally browses occasional easy skill level bakers content,25205,O,6 Months,food-drink
Autonomous Fans,Permutive,2734,Auto,This is a segment of users who have browsed for autonomous content at least once at any point in time.,Occasionally browses autonomous content,8101,O,All Time,auto
Documentary Lookalike,Permutive,170634,Arts & Entertainment,This is a lookalike segment based on the 'Documentary Fans' seed segment.,Regularly browses related content,146964,R,90 Days,arts-entertainment
Victorian Fans,Permutive,39289,History Extra,This is a segment of users who have browsed for victorian content at any point in time.,Browses victorian content,17016,,,history-extra
Luxury Fans,Permutive,455967,Lifestyle,This is a segment of users who have browsed for luxury content at least once at any point in time.,Occasionally browses luxury content,202269,O,All Time,lifestyle
PHEV Lookalike,Permutive,110629,Auto,This is a lookalike segment based on the 'PHEV Fans' seed segment.,Occasionally browses related content,240619,O,All Time,auto
Scott Fans,Permutive,248303,Sports,This is a segment of users who have browsed for scott content at least once at any point in time.,Occasionally browses scott content,8266,O,All Time,sports
Dairy Free -Food & Drink -Analytics-Food Diet Fans,Permutive,6570,Uncategorised,This is a segment of users who have browsed for dairy free -food & drink -analytics-food diet content at any point in time.,Browses dairy free -food & drink -analytics-food diet content,15334,,,uncategorised
Urban Music Fans,Permutive,3868,Arts & Entertainment,This is a segment of users who have browsed for urban music content at least once at any point in time.,Occasionally browses urban music content,219287,O,All Time,arts-entertainment
Portsmouth Geolocation,Permutive,47051,Geo targeting,This is a segment of users who accessed our content from a Portsmouth geolocation in the last 30 days.,Occasionally browses related content,212465,O,30 Days,geo-targeting
Children under 2 years old Fans,Permutive,441152,Parenting,This is a segment of users who have browsed for children under 2 years old content at least once at any point in time.,Occasionally browses children under 2 years old content,8225,O,All Time,parenting
BBQs -Food & Drink -Analytics-Food Cuisine Fans,Permutive,114973,Uncategorised,This is a segment of users who have browsed for bbqs -food & drink -analytics-food cuisine content at any point in time.,Browses bbqs -food & drink -analytics-food cuisine content,15328,,,uncategorised
Home Cinema Fans,Permutive,243,Arts & Entertainment,This is a segment of users who have browsed for home cinema content at least once at any point in time.,Occasionally browses home cinema content,103636,O,All Time,arts-entertainment
Kids Holidays/Trips/Travel Fans,Permutive,3720,Parenting,This is a segment of users who have browsed for kids holidays/trips/travel content at least 2 times in the last 90 days.,Regularly browses kids holidays/trips/travel content,22273,R,90 Days,parenting
Honda Fans,Permutive,41353,Auto,This is a segment of users who have browsed for honda content at least 2 times at any point in time.,Regularly browses honda content,10408,R,All Time,auto
Cholesterol-Friendly Fans,Permutive,11856,Food & Drink,This is a segment of users who have browsed for cholesterol-friendly content at least 2 times at any point in time.,Regularly browses cholesterol-friendly content,21625,R,All Time,food-drink
Musicals Fans,Permutive,1439133,Arts & Entertainment,This is a segment of users who have browsed for musicals content at least once at any point in time.,Occasionally browses musicals content,28324,O,All Time,arts-entertainment
Roblox Fans,Permutive,68439,Gaming,This is a segment of users who have browsed for roblox content at least once at any point in time.,Occasionally browses roblox content,206636,O,All Time,gaming
Yoga Fans,Permutive,8346,Interest,This is a segment of users who have browsed for yoga content at least once at any point in time.,Occasionally browses yoga content,29415,O,All Time,interest
Gluten Free Breakfast Fans,Permutive,62113,Food & Drink,This is a segment of users who have browsed for gluten free breakfast content at least 2 times at any point in time.,Regularly browses gluten free breakfast content,42211,R,All Time,food-drink
Grand Theft Auto Franchise Fans,Permutive,1633,Gaming,This is a segment of users who have browsed for grand theft auto franchise content at least once at any point in time.,Occasionally browses grand theft auto franchise content,206669,O,All Time,gaming
Cooking Time Exceeds 2 Hours -Food & Drink -Analytics-Food Fans,Permutive,3350914,Uncategorised,This is a segment of users who have browsed for cooking time exceeds 2 hours -food & drink -analytics-food content at any point in time.,Browses cooking time exceeds 2 hours -food & drink -analytics-food content,15321,,,uncategorised
Southampton Geolocation,Permutive,88190,Geo targeting,This is a segment of users who accessed our content from a Southampton geolocation in the last 30 days.,Occasionally browses related content,212470,O,30 Days,geo-targeting
History TV fans,Permutive,367780,Arts & Entertainment,This is a segment of users who have browsed for history tv fans content at least 2 times at any point in time.,Regularly browses history tv fans content,31100,R,All Time,arts-entertainment
Wildlife Friendly Gardeners Fans,Permutive,17200,Gardening,This is a segment of users who have browsed for wildlife friendly gardeners content at least once at any point in time.,Occasionally browses wildlife friendly gardeners content,220856,O,All Time,gardening
Recipe Boxes Fans,Permutive,8040,Food & Drink,This is a segment of users who have browsed for recipe boxes content at least once at any point in time.,Occasionally browses recipe boxes content,248205,O,All Time,food-drink
Comedy Fans,Permutive,255191,Arts & Entertainment,This is a segment of users who have browsed for comedy content at least 2 times at any point in time.,Regularly browses comedy content,61306,R,All Time,arts-entertainment
Tyre Fans,Permutive,16966,Sports,This is a segment of users who have browsed for tyre content at least once at any point in time.,Occasionally browses tyre content,6183,O,All Time,sports
Traditional Recipes Fans,Permutive,779881,Food & Drink,This is a segment of users who have browsed for traditional recipes content at least once at any point in time.,Occasionally browses traditional recipes content,262487,O,All Time,food-drink
Cardiff Geolocation,Permutive,142486,Geo targeting,This is a segment of users who accessed our content from a Cardiff geolocation in the last 30 days.,Occasionally browses related content,185982,O,30 Days,geo-targeting
Crime Fans,Permutive,850200,Arts & Entertainment,This is a segment of users who have browsed for crime content at least 2 times at any point in time.,Regularly browses crime content,49634,R,All Time,arts-entertainment
Indiana_Jones_Competition Fans,Permutive,61787,Uncategorised,This is a segment of users who have browsed for indiana_jones_competition content at least once at any point in time.,Occasionally browses indiana_jones_competition content,192344,O,All Time,uncategorised
Weekly Meal Planners Fans,Permutive,1792877,Food & Drink,This is a segment of users who have browsed for weekly meal planners content at least 5 times at any point in time.,Frequently browses weekly meal planners content,14397,F,All Time,food-drink
Budget-Friendly Recipes Fans,Permutive,2847790,Food & Drink,This is a segment of users who have browsed for budget-friendly recipes content at least once at any point in time.,Occasionally browses budget-friendly recipes content,261984,O,All Time,food-drink
Gloucester Geolocation,Permutive,33950,Geo targeting,This is a segment of users who accessed our content from a Gloucester geolocation in the last 30 days.,Occasionally browses related content,212523,O,30 Days,geo-targeting
Delicious -Food & Drink -Analytics-Food Fans,Permutive,40905,Uncategorised,This is a segment of users who have browsed for delicious -food & drink -analytics-food content at any point in time.,Browses delicious -food & drink -analytics-food content,15322,,,uncategorised
Primary School Fans,Permutive,119349,Parenting,This is a segment of users who have browsed for primary school content at least once at any point in time.,Occasionally browses primary school content,7615,O,All Time,parenting
High Protein Fans,Permutive,201862,Food & Drink,This is a segment of users who have browsed for high protein content at least 2 times at any point in time.,Regularly browses high protein content,8623,R,All Time,food-drink
Olive Fans,Permutive,278747,Food & Drink,This is a segment of users who have browsed for olive content at least 2 times at any point in time.,Regularly browses olive content,11559,R,All Time,food-drink
Cheap Fans,Permutive,47790,Food & Drink,This is a segment of users who have browsed for cheap content at least 2 times at any point in time.,Regularly browses cheap content,7658,R,All Time,food-drink
MPVs Fans,Permutive,62868,Auto,This is a segment of users who have browsed for mpvs content at least once at any point in time.,Occasionally browses mpvs content,10326,O,All Time,auto
Harry Potter Fans,Permutive,62086,Arts & Entertainment,This is a segment of users who have browsed for harry potter content at least once at any point in time.,Occasionally browses harry potter content,219191,O,All Time,arts-entertainment
TV/Film Reviewers Lookalike,Permutive,250764,Arts & Entertainment,This is a lookalike segment based on the 'TV/Film Reviewers Fans' seed segment.,Regularly browses related content,56787,R,All Time,arts-entertainment
4x4s Fans,Permutive,22340,Auto,This is a segment of users who have browsed for 4x4s content at least 2 times at any point in time.,Regularly browses 4x4s content,10203,R,All Time,auto
Beer Lookalike,Permutive,401981,Food & Drink,This is a lookalike segment based on the 'Beer Fans' seed segment.,Browses related content,154229,,,food-drink
Volvo Fans,Permutive,23343,Auto,This is a segment of users who have browsed for volvo content at least 2 times at any point in time.,Regularly browses volvo content,10414,R,All Time,auto
Zelda Fans Lookalike,Permutive,28001,Gaming,This is a lookalike segment based on the 'Zelda Fans' seed segment.,Occasionally browses related content,216595,O,All Time,gaming
Polish Fans,Permutive,7893,Food & Drink,This is a segment of users who have browsed for polish content at least once at any point in time.,Occasionally browses polish content,10449,O,All Time,food-drink
Fish Fans,Permutive,2064231,Food & Drink,This is a segment of users who have browsed for fish content at least once in the last 90 days.,Occasionally browses fish content,196058,O,90 Days,food-drink
Northampton Geolocation,Permutive,44947,Geo targeting,This is a segment of users who accessed our content from a Northampton geolocation in the last 30 days.,Occasionally browses related content,212536,O,30 Days,geo-targeting
Action Adventure Games Lookalike,Permutive,678690,Gaming,This is a lookalike segment based on the 'Action Adventure Games Fans' seed segment.,Occasionally browses related content,208351,O,All Time,gaming
Ford Fans,Permutive,85186,Auto,This is a segment of users who have browsed for ford content at least 2 times at any point in time.,Regularly browses ford content,7558,R,All Time,auto
Pregnancy Lookalike,Permutive,249796,Parenting,This is a lookalike segment based on the 'Pregnancy Fans' seed segment.,Occasionally browses related content,81188,O,All Time,parenting
Casual Games Fans,Permutive,23812,Gaming,This is a segment of users who have browsed for casual games content at least 2 times at any point in time.,Regularly browses casual games content,121775,R,All Time,gaming
Soup - Fans,Permutive,954911,Food & Drink,This is a segment of users who have browsed for soup - content at least once at any point in time.,Occasionally browses soup - content,20847,O,All Time,food-drink
Mixed Spice Fans,Permutive,184654,Food & Drink,This is a segment of users who have browsed for mixed spice content at least 2 times at any point in time.,Regularly browses mixed spice content,7601,R,All Time,food-drink
Under 20 Minutes Fans,Permutive,24,Food & Drink,This is a segment of users who have browsed for under 20 minutes content at least 2 times at any point in time.,Regularly browses under 20 minutes content,19712,R,All Time,food-drink
Bentley Fans,Permutive,10448,Auto,This is a segment of users who have browsed for bentley content at least 2 times at any point in time.,Regularly browses bentley content,22176,R,All Time,auto
Pizza Fans,Permutive,216095,Food & Drink,This is a segment of users who have browsed for pizza content at least 2 times at any point in time.,Regularly browses pizza content,55877,R,All Time,food-drink
Eco/Green Conscious Foodies Fans,Permutive,1228451,Food & Drink,This is a segment of users who have browsed for eco/green conscious foodies content at least 2 times at any point in time.,Regularly browses eco/green conscious foodies content,71269,R,All Time,food-drink
Healthy Heart Lookalike,Permutive,668399,Food & Drink,This is a lookalike segment based on the 'Healthy Heart Fans' seed segment.,Regularly browses related content,137892,R,90 Days,food-drink
Masterchef Fans,Permutive,43614,Arts & Entertainment,This is a segment of users who have browsed for masterchef content at least 2 times at any point in time.,Regularly browses masterchef content,22161,R,All Time,arts-entertainment
Labour/Birth Fans,Permutive,25608,Parenting,This is a segment of users who have browsed for labour/birth content at least 2 times in the last 90 days.,Regularly browses labour/birth content,22295,R,90 Days,parenting
Low Sugar Fans,Permutive,22629,Food & Drink,This is a segment of users who have browsed for low sugar content at least 2 times at any point in time.,Regularly browses low sugar content,23995,R,All Time,food-drink
Audi A3 Fans,Permutive,109023,Auto,This is a segment of users who have browsed for audi a3 content at least once at any point in time.,Occasionally browses audi a3 content,21142,O,All Time,auto
Easy Skill Level -Food & Drink -Analytics-Food Fans,Permutive,3472994,Uncategorised,This is a segment of users who have browsed for easy skill level -food & drink -analytics-food content at any point in time.,Browses easy skill level -food & drink -analytics-food content,15323,,,uncategorised
Marella Advertorial May'21 Fans,Permutive,4,Uncategorised,This is a segment of users who have browsed for marella advertorial may'21 content at any point in time.,Browses marella advertorial may'21 content,73619,,,uncategorised
Slough Geolocation,Permutive,52264,Geo targeting,This is a segment of users who accessed our content from a Slough geolocation in the last 30 days.,Occasionally browses related content,212468,O,30 Days,geo-targeting
Audible & Podcast fans Lookalike,Permutive,85189,Arts & Entertainment,This is a lookalike segment based on the 'Audible & Podcast fans Fans' seed segment.,Regularly browses related content,56788,R,All Time,arts-entertainment
Baby Carriers/Slings Fans,Permutive,1861,Parenting,This is a segment of users who have browsed for baby carriers/slings content at least 2 times in the last 90 days.,Regularly browses baby carriers/slings content,22188,R,90 Days,parenting
Fallout Fans - Crossover,Permutive,4829,Gaming,This is a segment of users who have browsed for fallout - crossover content at least once at any point in time.,Occasionally browses fallout - crossover content,194473,O,All Time,gaming
EA FC Fans,Permutive,12680916,Gaming,This is a segment of users who have browsed for ea fc content at any point in time.,Browses ea fc content,243582,,,gaming
Easy Pasta Fans,Permutive,340826,Food & Drink,This is a segment of users who have browsed for easy pasta content at least 2 times at any point in time.,Regularly browses easy pasta content,8415,R,All Time,food-drink
Gardeners World Premium Fans,Permutive,31374,Gardening,This is a segment of users who have browsed for gardeners world premium content at least once in the last 90 days.,Occasionally browses gardeners world premium content,220853,O,90 Days,gardening
Asian Recipe Fans,Permutive,557030,Food & Drink,This is a segment of users who have browsed for asian recipe content at least once at any point in time.,Occasionally browses asian recipe content,8515,O,All Time,food-drink
Nut Free Fans,Permutive,4487247,Food & Drink,This is a segment of users who have browsed for nut free content at least 2 times at any point in time.,Regularly browses nut free content,22076,R,All Time,food-drink
Victoria Fans,Permutive,236081,Interests,This is a segment of users who have browsed for victoria content at least 2 times at any point in time.,Regularly browses victoria content,31034,R,All Time,interests
Radio Times Reviewers Fans,Permutive,430387,Arts & Entertainment,This is a segment of users who have browsed for radio times reviewers content at least once at any point in time.,Occasionally browses radio times reviewers content,248734,O,All Time,arts-entertainment
Discovery+ Fans,Permutive,119436,Arts & Entertainment,This is a segment of users who have browsed for discovery+ content at least 2 times at any point in time.,Regularly browses discovery+ content,129015,R,All Time,arts-entertainment
The Bear Fans,Permutive,12541,Arts & Entertainment,This is a segment of users who have browsed for the bear content at any point in time.,Browses the bear content,264931,,,arts-entertainment
Marvel Lookalike,Permutive,337036,Arts & Entertainment,This is a lookalike segment based on the 'Marvel Fans' seed segment.,Regularly browses related content,162434,R,All Time,arts-entertainment
Bath Geolocation,Permutive,23295,Geo targeting,This is a segment of users who accessed our content from a Bath geolocation in the last 30 days.,Occasionally browses related content,185985,O,30 Days,geo-targeting
United States Fans,Permutive,1249481,Geo-targeting,This is a segment ofusers who accessed our content from a Christchurch geolocation in the last 30 days.,Browses related content,188588,,,geo-targeting
Garden Owners Fans,Permutive,1332112,Gardening,This is a segment of users who have browsed for garden owners content at least once at any point in time.,Occasionally browses garden owners content,64124,O,7 Days,gardening
Road Biking brands Fans,Permutive,234950,Sports,This is a segment of users who have browsed for road biking brands content at least 2 times at any point in time.,Regularly browses road biking brands content,33137,R,All Time,sports
Kardashians Fans,Permutive,12761,Arts & Entertainment,This is a segment of users who have browsed for kardashians content at least 2 times in the last 90 days.,Regularly browses kardashians content,240626,R,90 Days,arts-entertainment
Facebook referrer Fans,Permutive,76307,Uncategorised,This is a segment of users who have browsed for facebook referrer content at any point in time.,Browses facebook referrer content,37356,,,uncategorised
Bristol Geolocation,Permutive,195790,Geo targeting,This is a segment of users who accessed our content from a Bristol geolocation in the last 30 days.,Occasionally browses related content,212451,O,30 Days,geo-targeting
SKY + NOW Fans,Permutive,173524,Arts & Entertainment,This is a segment of users who have browsed for sky + now content at least once at any point in time.,Occasionally browses sky + now content,272209,O,All Time,arts-entertainment
Ford Car Reviewers Lookalike,Permutive,81807,Auto,This is a lookalike segment based on the 'Ford Car Reviewers Fans' seed segment.,Occasionally browses related content,242838,O,90 Days,auto
Big Batch Cooking Fans,Permutive,57397,Food & Drink,This is a segment of users who have browsed for big batch cooking content at least 2 times at any point in time.,Regularly browses big batch cooking content,6616,R,All Time,food-drink
Three Customers Fans,Permutive,432387,ISP,This is a segment of users who have browsed for three customers content at least once at any point in time.,Occasionally browses three customers content,10176,O,All Time,isp
Trek Fans,Permutive,38613,Sports,This is a segment of users who have browsed for trek content at least once at any point in time.,Occasionally browses trek content,8264,O,All Time,sports
Hemel Hempstead Geolocation,Permutive,13416,Geo targeting,This is a segment of users who accessed our content from a Hemel Hempstead geolocation in the last 30 days.,Occasionally browses related content,212524,O,30 Days,geo-targeting
"Price Â£5,000-Â£7,500 Fans",Permutive,9745,Auto,"This is a segment of users who have browsed for price â£5,000-â£7,500 content at least once at any point in time.","Occasionally browses price â£5,000-â£7,500 content",10348,O,All Time,auto
Glasgow Geolocation,Permutive,217885,Geo targeting,This is a segment of users who accessed our content from a Glasgow geolocation in the last 30 days.,Occasionally browses related content,185962,O,30 Days,geo-targeting
Yoghurt Fans,Permutive,1404141,Food & Drink,This is a segment of users who have browsed for yoghurt content at least once at any point in time.,Occasionally browses yoghurt content,260661,O,All Time,food-drink
Fantasy Super Fans,Permutive,156549,Arts & Entertainment,This is a segment of users who have browsed for fantasy super content at least once at any point in time.,Browses fantasy super content,28378,,,arts-entertainment
Vietnamese Fans,Permutive,59975,Food & Drink,This is a segment of users who have browsed for vietnamese content at least once at any point in time.,Occasionally browses vietnamese content,8513,O,All Time,food-drink
Alfa Romeo Fans,Permutive,10203,Auto,This is a segment of users who have browsed for alfa romeo content at least once at any point in time.,Occasionally browses alfa romeo content,10072,O,All Time,auto
Flapjack Fans,Permutive,480329,Food & Drink,This is a segment of users who have browsed for flapjack content at least once in the last 90 days.,Occasionally browses flapjack content,183217,O,90 Days,food-drink
Curry Fans,Permutive,574739,Food & Drink,This is a segment of users who have browsed for curry content at least 2 times at any point in time.,Regularly browses curry content,14395,R,All Time,food-drink
Nuremberg Cast Fans,Permutive,8363,Arts & Entertainment,This is a segment of users who have browsed for nuremberg cast content at least once at any point in time.,Occasionally browses nuremberg cast content,241647,O,All Time,arts-entertainment
Low Carb Fans,Permutive,91142,Food & Drink,This is a segment of users who have browsed for low carb content at least 2 times at any point in time.,Regularly browses low carb content,22096,R,All Time,food-drink
Health Conscious Parents Lookalike,Permutive,292014,Food & Drink,This is a lookalike segment based on the 'Health Conscious Parents Fans' seed segment.,Occasionally browses related content,28811,O,All Time,food-drink
Bike Maintenance Fans,Permutive,924896,Sports,This is a segment of users who have browsed for bike maintenance content at least 2 times at any point in time.,Regularly browses bike maintenance content,38274,R,All Time,sports
Whisky Fans,Permutive,37754,Food & Drink,This is a segment of users who have browsed for whisky content at least once at any point in time.,Occasionally browses whisky content,6902,O,All Time,food-drink
Pies Fans,Permutive,882108,Food & Drink,This is a segment of users who have browsed for pies content at least 2 times at any point in time.,Regularly browses pies content,7653,R,All Time,food-drink
NOW Fans,Permutive,434979,Arts & Entertainment,This is a segment of users who have browsed for now content at least once at any point in time.,Occasionally browses now content,249114,O,All Time,arts-entertainment
Food TV Fans,Permutive,173265,Interest,This is a segment of users who have browsed for food tv content at least 2 times at any point in time.,Regularly browses food tv content,121751,R,All Time,interest
Samsung Products Fans,Permutive,1091,Interest,This is a segment of users who have browsed for samsung products content at least 2 times at any point in time.,Regularly browses samsung products content,131479,R,All Time,interest
Time Poor Gardeners Lookalike,Permutive,263518,Gardening,This is a lookalike segment based on the 'Time Poor Gardeners Fans' seed segment.,Occasionally browses related content,220984,O,All Time,gardening
Cheats and modes section visitors RT Fans,Permutive,306793,Gaming,This is a segment of users who have browsed for cheats and modes section visitors rt content at least once at any point in time.,Occasionally browses cheats and modes section visitors rt content,194257,O,All Time,gaming
Real life based TV Shows Fans,Permutive,116455,Arts & Entertainment,This is a segment of users who have browsed for real life based tv shows content at least 2 times at any point in time.,Regularly browses real life based tv shows content,31555,R,All Time,arts-entertainment
Radio 1 fans,Permutive,182739,Arts & Entertainment,This is a segment of users who have browsed for radio 1 fans content at least once at any point in time.,Occasionally browses radio 1 fans content,7530,O,All Time,arts-entertainment
Olive-Food & Drink -Analytics-Food Fans,Permutive,107561,Uncategorised,This is a segment of users who have browsed for olive-food & drink -analytics-food content at any point in time.,Browses olive-food & drink -analytics-food content,15326,,,uncategorised
Fitness and training Fans,Permutive,141846,Sports,This is a segment of users who have browsed for fitness and training content at least 2 times in the last 90 days.,Regularly browses fitness and training content,123397,R,90 Days,sports
Avengers Fans,Permutive,1753,Arts & Entertainment,This is a segment of users who have browsed for avengers content at least 2 times at any point in time.,Regularly browses avengers content,7429,R,All Time,arts-entertainment
Delicious Fans,Permutive,120207,Food & Drink,This is a segment of users who have browsed for delicious content at least 2 times at any point in time.,Regularly browses delicious content,19663,R,All Time,food-drink
Golf fans,Permutive,81701,Sports,This is a segment of users who have browsed for golf fans content at least once at any point in time.,Occasionally browses golf fans content,155683,O,All Time,sports
Travel & Holiday Getaway Intenders Fans,Permutive,566938,ATRIA,This is a segment of users who have browsed for travel & holiday getaway intenders content at any point in time.,Browses travel & holiday getaway intenders content,252166,,,atria
PHEV Fans,Permutive,21111,Auto,This is a segment of users who have browsed for phev content at least once at any point in time.,Occasionally browses phev content,239168,O,All Time,auto
Occasional Challenging skill level sweet recipe bakers Fans,Permutive,678,Food & Drink,This is a segment of users who have browsed for occasional challenging skill level sweet recipe bakers content at least once at any point in time.,Occasionally browses occasional challenging skill level sweet recipe bakers content,25746,O,6 Months,food-drink
Behind The Scenes Fans,Permutive,1091142,Arts & Entertainment,This is a segment of users who have browsed for behind the scenes content at least once at any point in time.,Occasionally browses behind the scenes content,251509,O,All Time,arts-entertainment
Easy Skill Level Fans,Permutive,5581796,Food & Drink,This is a segment of users who have browsed for easy skill level content at least 2 times at any point in time.,Regularly browses easy skill level content,6904,R,All Time,food-drink
Dinner for Two Fans,Permutive,1204730,Food & Drink,This is a segment of users who have browsed for dinner for two content at least 5 times at any point in time.,Frequently browses dinner for two content,18252,F,All Time,food-drink
Recipe Boxes Fans Lookalike,Permutive,343660,Food & Drink,This is a lookalike segment based on the 'Recipe Boxes Fans' seed segment.,Occasionally browses related content,257115,O,All Time,food-drink
Plant guide Fans,Permutive,222228,Gardening,This is a segment of users who have browsed for plant guide content at least 2 times at any point in time.,Regularly browses plant guide content,60845,R,All Time,gardening
Warner Hotels Geolocation,Permutive,7821017,Geo Targeting,This is a segment of users who accessed our content from a Warnter Hotels geolocation in the last 30 days.,Occasionally browses related content,226876,O,30 Days,geo-targeting
Many Utensils Recipes Fans,Permutive,670194,Food & Drink,This is a segment of users who have browsed for many utensils recipes content at least 2 times in the last 90 days.,Regularly browses many utensils recipes content,187611,R,90 Days,food-drink
Peaky blinders Fans,Permutive,27789,Arts & Entertainment,This is a segment of users who have browsed for peaky blinders content at least 2 times at any point in time.,Regularly browses peaky blinders content,98284,R,All Time,arts-entertainment
Pancake Fans,Permutive,970871,Food & Drink,This is a segment of users who have browsed for pancake content at least once at any point in time.,Occasionally browses pancake content,8418,O,All Time,food-drink
Milton Keynes Geolocation,Permutive,66056,Geo targeting,This is a segment of users who accessed our content from a Milton Keynes geolocation in the last 30 days.,Occasionally browses related content,185979,O,30 Days,geo-targeting
Recipes containing Stock/Broth Fans,Permutive,1266205,Food & Drink,This is a segment of users who have browsed for recipes containing stock/broth content at least 2 times in the last 90 days.,Regularly browses recipes containing stock/broth content,124267,R,90 Days,food-drink
Resident Evil - Crossover Fans,Permutive,3699,Gaming,This is a segment of users who have browsed for resident evil - crossover content at least once at any point in time.,Occasionally browses resident evil - crossover content,207000,O,All Time,gaming
Chefs and Restauranteurs Fans,Permutive,210267,Food & Drink,This is a segment of users who have browsed for chefs and restauranteurs content at least once at any point in time.,Occasionally browses chefs and restauranteurs content,185582,O,All Time,food-drink
Re-watchable TV Shows Fans,Permutive,248598,Arts & Entertainment,This is a segment of users who have browsed for re-watchable tv shows content at any point in time.,Browses re-watchable tv shows content,247779,,,arts-entertainment
Aylesbury Fans,Permutive,21087,Geo-targeting,This is a segment ofusers who accessed our content from a Christchurch geolocation in the last 30 days.,Browses related content,212449,,,geo-targeting
Plant based Fans,Permutive,224327,Food & Drink,This is a segment of users who have browsed for plant based content at least once at any point in time.,Occasionally browses plant based content,30067,O,All Time,food-drink
Cosy Games Fans,Permutive,24277,Gaming,This is a segment of users who have browsed for cosy games content at least once at any point in time.,Occasionally browses cosy games content,207977,O,All Time,gaming
65+ Fans,Permutive,47,Audience Project,This is a segment of users who have browsed for 65+ content at any point in time.,Browses 65+ content,10878,,,audience-project
Notthingham Geolocation,Permutive,112990,Geo targeting,This is a segment of users who accessed our content from a Nottingham geolocation in the last 30 days.,Occasionally browses related content,185984,O,30 Days,geo-targeting
Fallout Fans - Crossover Lookalike,Permutive,22701,Gaming,This is a lookalike segment based on the 'Fallout - Crossover Fans' seed segment.,Occasionally browses related content,207707,O,All Time,gaming
SUV Fans,Permutive,40447,Auto,This is a segment of users who have browsed for suv content at least once at any point in time.,Occasionally browses suv content,9840,O,All Time,auto
Sky at night fans,Permutive,80,Interest,This is a segment of users who have browsed for sky at night fans content at least once at any point in time.,Occasionally browses sky at night fans content,19718,O,All Time,interest
Snooker Fans,Permutive,37842,Arts & Entertainment,This is a segment of users who have browsed for snooker content at least once at any point in time.,Occasionally browses snooker content,249125,O,All Time,arts-entertainment
Folding Bikes Fans,Permutive,25,Sports,This is a segment of users who have browsed for folding bikes content at least once at any point in time.,Occasionally browses folding bikes content,21623,O,All Time,sports
Off Road Fans,Permutive,7011,Auto,This is a segment of users who have browsed for off road content at least 2 times at any point in time.,Regularly browses off road content,132117,R,All Time,auto
Devon Geolocation,Permutive,90244,Geo targeting,This is a segment of users who accessed our content from a Devon geolocation in the last 30 days.,Occasionally browses related content,220697,O,30 Days,geo-targeting
Fiat - 500 Fans,Permutive,92614,Auto,This is a segment of users who have browsed for fiat - 500 content at least 2 times at any point in time.,Regularly browses fiat - 500 content,15293,R,All Time,auto
Hot Hatches Fans,Permutive,96940,Auto,This is a segment of users who have browsed for hot hatches content at least 2 times at any point in time.,Regularly browses hot hatches content,10297,R,All Time,auto
Euro fans Lookalike,Permutive,244842,Arts & Entertainment,This is a lookalike segment based on the 'Euro fans Fans' seed segment.,Regularly browses related content,258411,R,All Time,arts-entertainment
Pasta Fans,Permutive,711302,Food & Drink,This is a segment of users who have browsed for pasta content at least 2 times at any point in time.,Regularly browses pasta content,7781,R,All Time,food-drink
18-24 Fans,Permutive,47,Audience Project,This is a segment of users who have browsed for 18-24 content at any point in time.,Browses 18-24 content,10873,,,audience-project
Hosters at Christmas Lookalike,Permutive,823194,Food & Drink,This is a lookalike segment based on the 'Hosters at Christmas Fans' seed segment.,Regularly browses related content,163564,R,All Time,food-drink
Herbal Tea Fans,Permutive,99598,Food & Drink,This is a segment of users who have browsed for herbal tea content at least once in the last 90 days.,Occasionally browses herbal tea content,183904,O,90 Days,food-drink
Occasional Challenging skill level savoury recipe bakers Fans,Permutive,612,Food & Drink,This is a segment of users who have browsed for occasional challenging skill level savoury recipe bakers content at least once at any point in time.,Occasionally browses occasional challenging skill level savoury recipe bakers content,25756,O,6 Months,food-drink
Consoles Fans,Permutive,56591,Gaming,This is a segment of users who have browsed for consoles content at least 5 times in the last 90 days.,Frequently browses consoles content,216476,F,90 Days,gaming
Good Food Wellness Fans,Permutive,3616,Food & Drink,This is a segment of users who have browsed for good food wellness content at least 2 times in the last 90 days.,Regularly browses good food wellness content,240072,R,90 Days,food-drink
Hybrids/EVs Fans,Permutive,143632,Auto,This is a segment of users who have browsed for hybrids/evs content at least 2 times at any point in time.,Regularly browses hybrids/evs content,10195,R,All Time,auto
Mother's Day Recipes Fans,Permutive,257088,Food & Drink,This is a segment of users who have browsed for mother's day recipes content at least 2 times at any point in time.,Regularly browses mother's day recipes content,62521,R,All Time,food-drink
Easter Refiners Fans,Permutive,792006,Food & Drink,This is a segment of users who have browsed for easter refiners content at least 2 times at any point in time.,Regularly browses easter refiners content,257869,R,4 days,food-drink
Whisky Lookalike,Permutive,853873,Food & Drink,This is a lookalike segment based on the 'Whisky Fans' seed segment.,Occasionally browses related content,166550,O,All Time,food-drink
Gladiator 2 Film/Cast Fans,Permutive,28345,Arts & Entertainment,This is a segment of users who have browsed for gladiator 2 film/cast content at least once at any point in time.,Occasionally browses gladiator 2 film/cast content,193774,O,All Time,arts-entertainment
London Fans,Permutive,3500969,Location,This is a segment of users who have browsed for london content at any point in time.,Browses london content,38793,,,location
Science Fans,Permutive,13237,Interest,This is a segment of users who have browsed for science content at least once at any point in time.,Occasionally browses science content,12744,O,All Time,interest
Oats Fans,Permutive,103357,Food & Drink,This is a segment of users who have browsed for oats content at least once at any point in time.,Occasionally browses oats content,7643,O,All Time,food-drink
History TV enthusiasts Fans,Permutive,13482,Uncategorised,This is a segment of users who have browsed for history tv enthusiasts content at any point in time.,Browses history tv enthusiasts content,23580,,,uncategorised
Reviews content fans Lookalike,Permutive,91550,Gaming,This is a lookalike segment based on the 'Reviews Fans' seed segment.,Occasionally browses related content,208048,O,All Time,gaming
Chocolate Fans,Permutive,901627,Food & Drink,This is a segment of users who have browsed for chocolate content at least 2 times at any point in time.,Regularly browses chocolate content,19713,R,All Time,food-drink
First Time Parents Fans,Permutive,97090,Parenting,This is a segment of users who have browsed for first time parents content at least once at any point in time.,Occasionally browses first time parents content,8703,O,All Time,parenting
Prime Video Fans,Permutive,458622,Arts & Entertainment,This is a segment of users who have browsed for prime video content at least once at any point in time.,Occasionally browses prime video content,249112,O,All Time,arts-entertainment
Sensory Foods Fans,Permutive,966281,Food & Drink,This is a segment of users who have browsed for sensory foods content at any point in time.,Browses sensory foods content,264614,,,food-drink
Eastleigh Geolocation,Permutive,8216,Geo targeting,This is a segment of users who accessed our content from a Eastleigh geolocation in the last 30 days.,Occasionally browses related content,212453,O,30 Days,geo-targeting
UK Everyone Fans,Permutive,11674326,Uncategorised,This is a segment of users who have browsed for uk everyone content at any point in time.,Browses uk everyone content,6275,,,uncategorised
Scream Movies Fans,Permutive,11523,Arts & Entertainment,This is a segment of users who have browsed for scream movies content at least once at any point in time.,Occasionally browses scream movies content,247879,O,All Time,arts-entertainment
Gut-Friendly Fans,Permutive,41057,Food & Drink,This is a segment of users who have browsed for gut-friendly content at least once at any point in time.,Occasionally browses gut-friendly content,21141,O,All Time,food-drink
Bio8 Ltd_ORD-00259944_ID: 3124030702 Fans,Permutive,9,Uncategorised,This is a segment of users who have browsed for bio8 ltd_ord-00259944_id: 3124030702 content in the last 30 days.,Browses bio8 ltd_ord-00259944_id: 3124030702 content,148274,,,uncategorised
Travel Fans 65+,Permutive,2,Travel,This is a segment of users who have browsed for travel 65+ content at least once at any point in time.,Occasionally browses travel 65+ content,10275,O,All Time,travel
Electric Cars Reviewers Fans,Permutive,93390,Auto,This is a segment of users who have browsed for electric cars reviewers content at least 5 times at any point in time.,Frequently browses electric cars reviewers content,162995,F,All Time,auto
Reading Geolocation,Permutive,90947,Geo targeting,This is a segment of users who accessed our content from a Reading geolocation in the last 30 days.,Occasionally browses related content,212466,O,30 Days,geo-targeting
35-44 Fans,Permutive,46,Audience Project,This is a segment of users who have browsed for 35-44 content at any point in time.,Browses 35-44 content,10875,,,audience-project
Gardening enthusiasts Fans,Permutive,1395039,Gardening,This is a segment of users who have browsed for gardening enthusiasts content at least 2 times at any point in time.,Regularly browses gardening enthusiasts content,23496,R,All Time,gardening
Apple TV+ Lookalike,Permutive,677513,Arts & Entertainments,This is a lookalike segment based on the 'Apple TV+ Fans' seed segment.,Occasionally browses related content,259072,O,90 Days,arts-entertainments
Science Focus Fans,Permutive,151,Interest,This is a segment of users who have browsed for science focus content at least once at any point in time.,Occasionally browses science focus content,32852,O,All Time,interest
Father's Day Recipes Fans,Permutive,101371,Food & Drink,This is a segment of users who have browsed for father's day recipes content at least once at any point in time.,Occasionally browses father's day recipes content,6998,O,All Time,food-drink
Vodafone Fans,Permutive,472237,Internet Service Provider,This is a segment of users who have browsed for vodafone content at least once in the last 30 days.,Occasionally browses vodafone content,164445,O,30 Days,internet-service-provider
Premium Tech Lookalike,Permutive,306476,Interest,This is a lookalike segment based on the 'Premium Tech Fans' seed segment.,Regularly browses related content,176829,R,All Time,interest
Citroen Fans,Permutive,117780,Auto,This is a segment of users who have browsed for citroen content at least 2 times at any point in time.,Regularly browses citroen content,10410,R,All Time,auto
Nintendo Switch Fans Lookalike,Permutive,25814,Gaming,This is a lookalike segment based on the 'Nintendo Switch Fans' seed segment.,Regularly browses related content,121875,R,All Time,gaming
Family Car Buyers Fans,Permutive,34496,Auto,This is a segment of users who have browsed for family car buyers content at least 2 times at any point in time.,Regularly browses family car buyers content,7663,R,All Time,auto
Soil and Compost Fans,Permutive,23620,Gardening,This is a segment of users who have browsed for soil and compost content at least once at any point in time.,Occasionally browses soil and compost content,209467,O,All Time,gardening
Historical Games Fans Lookalike,Permutive,286548,Gaming,This is a lookalike segment based on the 'Historical Games Fans' seed segment.,Occasionally browses related content,218716,O,All Time,gaming
Pedal Fans,Permutive,989,Sports,This is a segment of users who have browsed for pedal content at least once at any point in time.,Occasionally browses pedal content,6179,O,All Time,sports
Family Films Fans,Permutive,123801,Arts & Entertainment,This is a segment of users who have browsed for family films content at least 2 times at any point in time.,Regularly browses family films content,117047,R,All Time,arts-entertainment
Strictly Come Dancing Fans,Permutive,427499,Arts & Entertainment,This is a segment of users who have browsed for strictly come dancing content at least once at any point in time.,Occasionally browses strictly come dancing content,147831,O,All Time,arts-entertainment
Health conscious Parents Fans,Permutive,463192,Food & Drink,This is a segment of users who have browsed for health conscious parents content at least 2 times at any point in time.,Regularly browses health conscious parents content,8233,R,All Time,food-drink
Lawn/Grass Fans,Permutive,211919,Gardening,This is a segment of users who have browsed for lawn/grass content at least once at any point in time.,Occasionally browses lawn/grass content,189497,O,All Time,gardening
Pregnancy Products Lookalike,Permutive,55609,Parenting,This is a lookalike segment based on the 'Pregnancy Products Fans' seed segment.,Regularly browses related content,81189,R,90 Days,parenting
Bafta Fans,Permutive,214056,Arts & Entertainment,This is a segment of users who have browsed for bafta content at least once at any point in time.,Occasionally browses bafta content,25965,O,All Time,arts-entertainment
Liverpool Geolocation,Permutive,105967,Geo targeting,This is a segment of users who accessed our content from a Liverpool geolocation in the last 30 days.,Occasionally browses related content,185977,O,30 Days,geo-targeting
Bournemouth Geolocation,Permutive,37383,Geo targeting,This is a segment of users who accessed our content from a Bournemouth geolocation in the last 30 days.,Occasionally browses related content,212450,O,30 Days,geo-targeting
Nintendo Switch Fans,Permutive,12381,Gaming,This is a segment of users who have browsed for nintendo switch content at least 2 times at any point in time.,Regularly browses nintendo switch content,121615,R,All Time,gaming
The Masked Singer Fans,Permutive,26370,Arts & Entertainment,This is a segment of users who have browsed for the masked singer content at least once at any point in time.,Occasionally browses the masked singer content,219439,O,All Time,arts-entertainment
Treats Fans,Permutive,2354516,Food & Drink,This is a segment of users who have browsed for treats content at least 2 times at any point in time.,Regularly browses treats content,7509,R,All Time,food-drink
O2 Fans,Permutive,20,Internet Service Provider,This is a segment of users who have browsed for o2 content at least once in the last 30 days.,Occasionally browses o2 content,164439,O,30 Days,internet-service-provider
Fiat Fans,Permutive,99705,Auto,This is a segment of users who have browsed for fiat content at least 2 times at any point in time.,Regularly browses fiat content,10416,R,All Time,auto
Apple TV+ Fans,Permutive,70255,Arts & Entertainments,This is a segment of users who have browsed for apple tv+ content at least once in the last 90 days.,Occasionally browses apple tv+ content,150418,O,90 Days,arts-entertainments
The Favourite Fans,Permutive,21902,Arts & Entertainment,This is a segment of users who have browsed for the favourite content at least once at any point in time.,Occasionally browses the favourite content,20580,O,All Time,arts-entertainment
Cricket Lookalike,Permutive,387229,Arts & Entertainment,This is a lookalike segment based on the 'Cricket Fans' seed segment.,Occasionally browses related content,193773,O,All Time,arts-entertainment
Plusnet Fans,Permutive,306910,Internet Service Provider,This is a segment of users who have browsed for plusnet content at least once in the last 30 days.,Occasionally browses plusnet content,164441,O,30 Days,internet-service-provider
Bake Off Fans,Permutive,145254,Arts & Entertainment,This is a segment of users who have browsed for bake off content at least once at any point in time.,Occasionally browses bake off content,6892,O,All Time,arts-entertainment
Italian Fans,Permutive,345449,Food & Drink,This is a segment of users who have browsed for italian content at least 2 times at any point in time.,Regularly browses italian content,7768,R,All Time,food-drink
Cosy Games Lookalike,Permutive,87581,Gaming,This is a lookalike segment based on the 'Cosy Games Fans' seed segment.,Occasionally browses related content,208348,O,All Time,gaming
History TV/Films Fans,Permutive,95453,Arts & Entertainment,This is a segment of users who have browsed for history tv/films content at least once at any point in time.,Occasionally browses history tv/films content,179520,O,All Time,arts-entertainment
55-64 Fans,Permutive,47,Audience Project,This is a segment of users who have browsed for 55-64 content at any point in time.,Browses 55-64 content,10877,,,audience-project
Recipe Enthusiasts Fans,Permutive,3597247,Food & Drink,This is a segment of users who have browsed for recipe enthusiasts content at least 5 times at any point in time.,Frequently browses recipe enthusiasts content,6900,F,All Time,food-drink
Eurovision fans,Permutive,626731,Arts & Entertainment,This is a segment of users who have browsed for eurovision fans content at least once at any point in time.,Occasionally browses eurovision fans content,232397,O,All Time,arts-entertainment
Ingredients - Sugar Fans,Permutive,93303,Food & Drink,This is a segment of users who have browsed for ingredients - sugar content at any point in time.,Browses ingredients - sugar content,18170,,,food-drink
Survival Horror Games Fans,Permutive,14817,Gaming,This is a segment of users who have browsed for survival horror games content at least once at any point in time.,Occasionally browses survival horror games content,207918,O,All Time,gaming
Quality-led Ingredient Choice Fans,Permutive,2318922,Food & Drink,This is a segment of users who have browsed for quality-led ingredient choice content at least once in the last 90 days.,Occasionally browses quality-led ingredient choice content,270433,O,90 Days,food-drink
GF visitors Fans,Permutive,5228553,Food & Drink,This is a segment of users who have browsed for gf visitors content in the last 30 days.,Browses gf visitors content,252913,,,food-drink
Inspiring recipes fans,Permutive,1160831,Food & Drink,This is a segment of users who have browsed for inspiring recipes fans content at least 2 times in the last 90 days.,Regularly browses inspiring recipes fans content,122786,R,90 Days,food-drink
Indulgent Foodies Fans,Permutive,2110493,Food & Drink,This is a segment of users who have browsed for indulgent foodies content at least 2 times at any point in time.,Regularly browses indulgent foodies content,7656,R,All Time,food-drink
Channel 4 fans,Permutive,304564,Arts & Entertainment,This is a segment of users who have browsed for channel 4 fans content at least once at any point in time.,Occasionally browses channel 4 fans content,16499,O,All Time,arts-entertainment
Christmas Last-Minute Cooks Fans,Permutive,419666,Food & Drink,This is a segment of users who have browsed for christmas last-minute cooks content at least once at any point in time.,Occasionally browses christmas last-minute cooks content,252835,O,All Time,food-drink
Sitcom audience Fans,Permutive,173679,Arts & Entertainment,This is a segment of users who have browsed for sitcom audience content at any point in time.,Regularly browses sitcom audience content,74670,R,ALL,arts-entertainment
Curious Thinkers Fans,Permutive,238254,Interests,This is a segment of users who have browsed for curious thinkers content at least 2 times at any point in time.,Regularly browses curious thinkers content,26445,R,All Time,interests
On Demand fans & listings,Permutive,133,Arts & Entertainment,This is a segment of users who have browsed for on demand fans & listings content at least once at any point in time.,Occasionally browses on demand fans & listings content,6874,O,All Time,arts-entertainment
Harry Potter Fans Lookalike,Permutive,459053,Arts & Entertainment,This is a lookalike segment based on the 'Harry Potter Fans' seed segment.,Occasionally browses related content,219863,O,All Time,arts-entertainment
olive- subscription curious Fans,Permutive,28,Uncategorised,This is a segment of users who have browsed for olive- subscription curious content at any point in time.,Browses olive- subscription curious content,60331,,,uncategorised
Conception/Early Pregnancy Fans,Permutive,88501,Parenting,This is a segment of users who have browsed for conception/early pregnancy content at least once at any point in time.,Occasionally browses conception/early pregnancy content,6476,O,All Time,parenting
Track Cycling Fans,Permutive,60065,Sports,This is a segment of users who have browsed for track cycling content at least 2 times at any point in time.,Regularly browses track cycling content,8256,R,All Time,sports
Game of Thrones Fans,Permutive,91235,Arts & Entertainment,This is a segment of users who have browsed for game of thrones content at least once at any point in time.,Occasionally browses game of thrones content,9929,O,All Time,arts-entertainment
Lamborghini Fans,Permutive,11234,Auto,This is a segment of users who have browsed for lamborghini content at least 2 times at any point in time.,Regularly browses lamborghini content,22164,R,All Time,auto
E-bikes Fans,Permutive,187019,Sports,This is a segment of users who have browsed for e-bikes content at least once at any point in time.,Occasionally browses e-bikes content,8700,O,All Time,sports
Olympics 1P Fans,Permutive,44144,Uncategorised,This is a segment of users who have browsed for olympics 1p content at any point in time.,Browses olympics 1p content,29666,,,uncategorised
Peanut Butter Fans,Permutive,54535,Food & Drink,This is a segment of users who have browsed for peanut butter content at least once in the last 90 days.,Occasionally browses peanut butter content,226241,O,90 Days,food-drink
Bread - Fans,Permutive,966788,Food & Drink,This is a segment of users who have browsed for bread - content at least 5 times at any point in time.,Frequently browses bread - content,18307,F,All Time,food-drink
Vitamin C Lookalike,Permutive,38509,Food & Drink,This is a lookalike segment based on the 'Vitamin C Fans' seed segment.,Regularly browses related content,136120,R,30 Days,food-drink
Road E-bikes Fans,Permutive,205,Sports,This is a segment of users who have browsed for road e-bikes content at least 2 times at any point in time.,Regularly browses road e-bikes content,115881,R,All Time,sports
Superfoods Fans,Permutive,3808,Food & Drink,This is a segment of users who have browsed for superfoods content at least once at any point in time.,Occasionally browses superfoods content,7427,O,All Time,food-drink
Fast Food Fans,Permutive,22832,Food & Drink,This is a segment of users who have browsed for fast food content at least once at any point in time.,Occasionally browses fast food content,226688,O,All Time,food-drink
Good Food Weight Loss Fans,Permutive,3489,Food & Drink,This is a segment of users who have browsed for good food weight loss content at least 2 times in the last 90 days.,Regularly browses good food weight loss content,240075,R,90 Days,food-drink
BBC Good Food Registered User Fans,Permutive,660478,Uncategorised,This is a segment of users who have browsed for bbc good food registered user content at any point in time.,Browses bbc good food registered user content,15759,,,uncategorised
Crafters 1P Fans,Permutive,110214,Arts & Entertainment,This is a segment of users who have browsed for crafters 1p content at least once at any point in time.,Occasionally browses crafters 1p content,33207,O,All Time,arts-entertainment
RadioTimes & Gardener's World Interest Fans,Permutive,99724,Interest,This is a segment of users who have browsed for radiotimes & gardener's world interest content at any point in time.,Browses radiotimes & gardener's world interest content,25676,,,interest
Cheese Fans,Permutive,797001,Food & Drink,This is a segment of users who have browsed for cheese content at least 2 times at any point in time.,Regularly browses cheese content,7728,R,All Time,food-drink
Simulators Fans,Permutive,10768,Gaming,This is a segment of users who have browsed for simulators content at least 2 times at any point in time.,Regularly browses simulators content,121619,R,All Time,gaming
Car Seat Intenders Fans,Permutive,2865,Parenting,This is a segment of users who have browsed for car seat intenders content at least 2 times in the last 90 days.,Regularly browses car seat intenders content,22179,R,90 Days,parenting
Eco/Green Conscious Fans,Permutive,949721,Food & Drink,This is a segment of users who have browsed for eco/green conscious content at least 2 times at any point in time.,Regularly browses eco/green conscious content,12079,R,All Time,food-drink
Cereal Fans,Permutive,759199,Food & Drink,This is a segment of users who have browsed for cereal content at least 2 times in the last 90 days.,Regularly browses cereal content,183990,R,90 Days,food-drink
World Cup 2026 Fans,Permutive,97795,Sports,This is a segment of users who have browsed for world cup 2026 content at least once at any point in time.,Occasionally browses world cup 2026 content,270003,O,All Time,sports
Romance Novel fans,Permutive,781833,Arts & Entertainment,This is a segment of users who have browsed for romance novel fans content at least once in the last 90 days.,Occasionally browses romance novel fans content,201497,O,90 Days,arts-entertainment
Growing plant guide fans,Permutive,790,Gardening,This is a segment of users who have browsed for growing plant guide fans content at least 2 times at any point in time.,Regularly browses growing plant guide fans content,60636,R,All Time,gardening
Football Fans,Permutive,936252,Sports,This is a segment of users who have browsed for football content at least once at any point in time.,Occasionally browses football content,27605,O,All Time,sports
Cocktails Fans,Permutive,238717,Food & Drink,This is a segment of users who have browsed for cocktails content at least once at any point in time.,Occasionally browses cocktails content,6901,O,All Time,food-drink
Mercedes-Benz Fans,Permutive,22650,Auto,This is a segment of users who have browsed for mercedes-benz content at least 2 times at any point in time.,Regularly browses mercedes-benz content,10363,R,All Time,auto
Milk cooks/bakers Fans,Permutive,2290839,Food & Drink,This is a segment of users who have browsed for milk cooks/bakers content at least 2 times in the last 90 days.,Regularly browses milk cooks/bakers content,185579,R,90 Days,food-drink
Tech Lookalike,Permutive,193144,Interest,This is a lookalike segment based on the 'Tech Fans' seed segment.,Regularly browses related content,7686,R,All Time,interest
Frozen Food Lookalike,Permutive,958860,Food & Drink,This is a lookalike segment based on the 'Frozen Food Fans' seed segment.,Occasionally browses related content,218715,O,90 Days,food-drink
Discovery+ Lookalike,Permutive,457583,Arts & Entertainment,This is a lookalike segment based on the 'Discovery+ Fans' seed segment.,Regularly browses related content,129663,R,All Time,arts-entertainment
American Fans,Permutive,5928,Food & Drink,This is a segment of users who have browsed for american content at least once at any point in time.,Occasionally browses american content,19668,O,All Time,food-drink
South East England Geolocation,Permutive,1184850,Geo targeting,This is a segment of users who accessed our content from a South East England geolocation in the last 30 days.,Occasionally browses related content,187237,O,30 Days,geo-targeting
Occasional Challenging skill level bakers Fans,Permutive,753,Food & Drink,This is a segment of users who have browsed for occasional challenging skill level bakers content at least once at any point in time.,Occasionally browses occasional challenging skill level bakers content,25753,O,6 month,food-drink
Boxing Day Fans,Permutive,22,Food & Drink,This is a segment of users who have browsed for boxing day content at least once at any point in time.,Occasionally browses boxing day content,10822,O,All Time,food-drink
Flexitarian Fans,Permutive,558010,Food & Drink,This is a segment of users who have browsed for flexitarian content at least once in the last 90 days.,Occasionally browses flexitarian content,30065,O,90 Days,food-drink
On trend eater Fans,Permutive,353644,GF,This is a segment of users who have browsed for on trend eater content at any point in time.,Browses on trend eater content,21836,,,gf
Meat Lovers Fans,Permutive,820765,Food & Drink,This is a segment of users who have browsed for meat lovers content at least 5 times in the last 90 days.,Frequently browses meat lovers content,38052,F,90 Days,food-drink
Doctor Who Fans,Permutive,176467,Arts & Entertainment,This is a segment of users who have browsed for doctor who content at least 2 times at any point in time.,Regularly browses doctor who content,7734,R,All Time,arts-entertainment
Frequent TG Reviewers Fans,Permutive,47527,Auto,This is a segment of users who have browsed for frequent tg reviewers content at least 5 times at any point in time.,Frequently browses frequent tg reviewers content,20362,F,All Time,auto
Balanced Diet Fans,Permutive,98413,Food & Drink,This is a segment of users who have browsed for balanced diet content at any point in time.,Browses balanced diet content,258420,,,food-drink
AS Fans,Permutive,16166690,Everyone,This is a segment of users who have browsed for as content at any point in time.,Browses as content,21307,,,everyone
Platformers Fans,Permutive,2395,Gaming,This is a segment of users who have browsed for platformers content at least once at any point in time.,Occasionally browses platformers content,207908,O,All Time,gaming
Major Sports Events Fans,Permutive,718006,Arts & Entertainment,This is a segment of users who have browsed for major sports events content at any point in time.,Browses major sports events content,247784,,,arts-entertainment
Child's Clothing Fans,Permutive,2922,Parenting,This is a segment of users who have browsed for child's clothing content at least once at any point in time.,Occasionally browses child's clothing content,13182,O,All Time,parenting
Halloween_Family Foccused Fans,Permutive,6593,Seasonal,This is a segment of users who have browsed for halloween_family foccused content at least 2 times at any point in time.,Regularly browses halloween_family foccused content,154952,R,1 year,seasonal
Powered Tools Lookalike,Permutive,134404,Gardening,This is a lookalike segment based on the 'Powered Tools Fans' seed segment.,Occasionally browses related content,212426,O,All Time,gardening
John Lewis Partnership Fans,Permutive,744629,Prebid,This is a segment of users who have browsed for john lewis partnership content at any point in time.,Browses john lewis partnership content,61729,,,prebid
British TV/Film Fans,Permutive,3257379,Arts & Entertainment,This is a segment of users who have browsed for british tv/film content at least 2 times at any point in time.,Regularly browses british tv/film content,19639,R,All Time,arts-entertainment
Matthew Vaughn Fans,Permutive,29359,Arts & Entertainment,This is a segment of users who have browsed for matthew vaughn content at least 2 times at any point in time.,Regularly browses matthew vaughn content,88998,R,All Time,arts-entertainment
Harry Potter Franchise Fans,Permutive,6404,Gaming,This is a segment of users who have browsed for harry potter franchise content at least once at any point in time.,Occasionally browses harry potter franchise content,194292,O,All Time,gaming
Medieval Fans,Permutive,28691,Arts & Entertainment,This is a segment of users who have browsed for medieval content at least 2 times at any point in time.,Regularly browses medieval content,31030,R,All Time,arts-entertainment
Occasional Easy skill level sweet recipe bakers Fans,Permutive,34431,Food & Drink,This is a segment of users who have browsed for occasional easy skill level sweet recipe bakers content at least once at any point in time.,Occasionally browses occasional easy skill level sweet recipe bakers content,25744,O,6 Months,food-drink
Greenhouses Fans,Permutive,65319,Gardening,This is a segment of users who have browsed for greenhouses content at any point in time.,Browses greenhouses content,250602,,,gardening
Gardening- 2 sessions past 30 days Fans,Permutive,555368,Uncategorised,This is a segment of users who have browsed for gardening- 2 sessions past 30 days content in the last 30 days.,Browses gardening- 2 sessions past 30 days content,12527,,,uncategorised
Tour de France Fans,Permutive,1642,Sports,This is a segment of users who have browsed for tour de france content at least 2 times at any point in time.,Regularly browses tour de france content,8126,R,All Time,sports
Portchester Geolocation,Permutive,3952,Geo targeting,This is a segment of users who accessed our content from a Portchester geolocation in the last 30 days.,Occasionally browses related content,212461,O,30 Days,geo-targeting
Chinese Fans,Permutive,74311,Food & Drink,This is a segment of users who have browsed for chinese content at least 2 times at any point in time.,Regularly browses chinese content,61296,R,All Time,food-drink
Birmingham Geolocation,Permutive,284767,Geo targeting,This is a segment of users who accessed our content from a Birmingham geolocation in the last 30 days.,Occasionally browses related content,185966,O,30 Days,geo-targeting
GoodFood Super Users Fans,Permutive,1041975,Food & Drink,This is a segment of users who have browsed for goodfood super users content at least once at any point in time.,Browses goodfood super users content,17102,,,food-drink
Sky Users Fans,Permutive,1283112,Internet Service Provider,This is a segment of users who have browsed for sky users content at least once in the last 30 days.,Occasionally browses sky users content,164450,O,30 Days,internet-service-provider
Imagine Partnership - Feb '23 Fans,Permutive,13,Taylor & Colledge,This is a segment of users who have browsed for imagine partnership - feb '23 content at least 2 times at any point in time.,Browses imagine partnership - feb '23 content,138201,,,taylor-colledge
On Demand Fans + Decision Content,Permutive,663108,Arts & Entertainment,This is a segment of users who have browsed for on demand + decision content content at least once at any point in time.,Browses on demand + decision content,272145,,,arts-entertainment
Toddler Fans,Permutive,49128,Parenting,This is a segment of users who have browsed for toddler content at least once at any point in time.,Occasionally browses toddler content,12896,O,All Time,parenting
Frequent Reviewers Fans,Permutive,47532,Sports,This is a segment of users who have browsed for frequent reviewers content at least 5 times at any point in time.,Frequently browses frequent reviewers content,8697,F,All Time,sports
Appetiser Fans,Permutive,332109,Food & Drink,This is a segment of users who have browsed for appetiser content at least 2 times in the last 90 days.,Regularly browses appetiser content,180722,R,90 Days,food-drink
Black Friday Fans,Permutive,16255,Arts & Entertainment,This is a segment of users who have browsed for black friday content at least once at any point in time.,Occasionally browses black friday content,46777,O,All Time,arts-entertainment
St Patricks Day Fans,Permutive,115908,Food & Drink,This is a segment of users who have browsed for st patricks day content at least once at any point in time.,Occasionally browses st patricks day content,176597,O,All Time,food-drink
Toyota Fans,Permutive,27729,Auto,This is a segment of users who have browsed for toyota content at least 2 times at any point in time.,Regularly browses toyota content,10371,R,All Time,auto
Culture Seekers Fans,Permutive,1138802,Arts & Entertainment,This is a segment of users who have browsed for culture seekers content at least 2 times at any point in time.,Regularly browses culture seekers content,7778,R,All Time,arts-entertainment
Commuters Fans,Permutive,1532,Sports,This is a segment of users who have browsed for commuters content at least once at any point in time.,Occasionally browses commuters content,22733,O,All Time,sports
Roblox Fans Lookalike,Permutive,120464,Gaming,This is a lookalike segment based on the 'Roblox Fans' seed segment.,Occasionally browses related content,207703,O,All Time,gaming
Meat Alternatives Fans,Permutive,65080,Food and Drink,This is a segment of users who have browsed for meat alternatives content at any point in time.,Browses meat alternatives content,15356,,,food-and-drink
Popular Streaming Shows in 2025 Fans,Permutive,1182823,Arts & Entertainment,This is a segment of users who have browsed for popular streaming shows in 2025 content at any point in time.,Browses popular streaming shows in 2025 content,247727,,,arts-entertainment
Eid Fans,Permutive,58448,Food & Drink,This is a segment of users who have browsed for eid content at least once at any point in time.,Occasionally browses eid content,245867,O,All Time,food-drink
Spanish Fans,Permutive,1978,Food & Drink,This is a segment of users who have browsed for spanish content at least 2 times at any point in time.,Regularly browses spanish content,61298,R,All Time,food-drink
Carbonated Drinks Fans,Permutive,255802,Food & Drink,This is a segment of users who have browsed for carbonated drinks content at least once at any point in time.,Occasionally browses carbonated drinks content,270107,O,All Time,food-drink
Mario Kart Fans,Permutive,1535,Gaming,This is a segment of users who have browsed for mario kart content at least once at any point in time.,Occasionally browses mario kart content,207066,O,All Time,gaming
Audi Fans,Permutive,269421,Auto,This is a segment of users who have browsed for audi content at least 2 times at any point in time.,Regularly browses audi content,10364,R,All Time,auto
David Attenborough Fans,Permutive,56990,Arts & Entertainment,This is a segment of users who have browsed for david attenborough content at least once at any point in time.,Occasionally browses david attenborough content,8274,O,All Time,arts-entertainment
Second World War Lookalike,Permutive,189077,History Extra,This is a lookalike segment based on the 'Second World War Fans' seed segment.,Browses related content,241667,,,history-extra
Motorbike Fans,Permutive,47770,Auto,This is a segment of users who have browsed for motorbike content at least once at any point in time.,Occasionally browses motorbike content,238523,O,All Time,auto
Sports Packages Fans,Permutive,13834,Arts & Entertainment,This is a segment of users who have browsed for sports packages content at any point in time.,Browses sports packages content,247782,,,arts-entertainment
Stevenage Geolocation,Permutive,48685,Geo targeting,This is a segment of users who accessed our content from a Stevenage geolocation in the last 30 days.,Occasionally browses related content,212534,O,30 Days,geo-targeting
Motorbike Fans Lookalike,Permutive,353213,Auto,This is a lookalike segment based on the 'Motorbike Fans' seed segment.,Occasionally browses related content,239618,O,All Time,auto
Vitamin K Fans,Permutive,242,Food & Drink,This is a segment of users who have browsed for vitamin k content at least 2 times in the last 30 days.,Regularly browses vitamin k content,136057,R,30 Days,food-drink
Vitamin C Fans,Permutive,22330,Food & Drink,This is a segment of users who have browsed for vitamin c content at least 2 times in the last 30 days.,Regularly browses vitamin c content,136055,R,30 Days,food-drink
Holi Lookalike,Permutive,456077,Food & Drink,This is a lookalike segment based on the 'Holi Fans' seed segment.,Occasionally browses related content,256421,O,All Time,food-drink
Cholesterol-Friendly Lookalike,Permutive,168615,Food & Drink,This is a lookalike segment based on the 'Cholesterol-Friendly Fans' seed segment.,Regularly browses related content,31002,R,All Time,food-drink
Cinema Goers Fans,Permutive,232277,Arts & Entertainment,This is a segment of users who have browsed for cinema goers content at least once at any point in time.,Occasionally browses cinema goers content,27110,O,All Time,arts-entertainment
Jamie Oliver Fans Lookalike,Permutive,891120,Food & Drink,This is a lookalike segment based on the 'Jamie Oliver Fans' seed segment.,Occasionally browses related content,248733,O,All Time,food-drink
UKTV fans,Permutive,43584,Arts & Entertainment,This is a segment of users who have browsed for uktv fans content at least once at any point in time.,Occasionally browses uktv fans content,7400,O,All Time,arts-entertainment
Gluten Free -Food & Drink -Analytics-Food Diet Fans,Permutive,37295,Uncategorised,This is a segment of users who have browsed for gluten free -food & drink -analytics-food diet content at any point in time.,Browses gluten free -food & drink -analytics-food diet content,15335,,,uncategorised
Romantic Movies Fans,Permutive,2761,Arts & Entertainment,This is a segment of users who have browsed for romantic movies content at least once at any point in time.,Occasionally browses romantic movies content,219195,O,All Time,arts-entertainment
HE Podcast visitor Fans,Permutive,25434,History,This is a segment of users who have browsed for he podcast visitor content at least once at any point in time.,Occasionally browses he podcast visitor content,52225,O,All Time,history
Outer London & Suburban Geolocation,Permutive,887332,Geo targeting,This is a segment of users who accessed our content from a Outer London & Surburban in the last 30 days.,Regularly browses related content,247764,R,30 Days,geo-targeting
South East London Fans,Permutive,227363,Geo-targeting,This is a segment ofusers who accessed our content from a Christchurch geolocation in the last 30 days.,Browses related content,196967,,,geo-targeting
Pokemon franchise Fans,Permutive,89378,Gaming,This is a segment of users who have browsed for pokemon franchise content at least once at any point in time.,Occasionally browses pokemon franchise content,194382,O,All Time,gaming
Baking Lookalike,Permutive,2277375,Food & Drink,This is a lookalike segment based on the 'Baking Fans' seed segment.,Regularly browses related content,7813,R,All Time,food-drink
EE Fans,Permutive,66,Internet Service Provider,This is a segment of users who have browsed for ee content at least once in the last 30 days.,Occasionally browses ee content,164440,O,A30 days,internet-service-provider
Festive Food & Drink Planners Fans,Permutive,1334707,ATRIA,This is a segment of users who have browsed for festive food & drink planners content at any point in time.,Browses festive food & drink planners content,252165,,,atria
Budgeters Fans,Permutive,823040,GF,This is a segment of users who have browsed for budgeters content at any point in time.,Browses budgeters content,21664,,,gf
Last of US Fans - Crossover,Permutive,8671,Gaming,This is a segment of users who have browsed for last of us - crossover content at least once at any point in time.,Occasionally browses last of us - crossover content,194469,O,All Time,gaming
Wheels Fans,Permutive,50624,Sports,This is a segment of users who have browsed for wheels content at least once at any point in time.,Occasionally browses wheels content,6127,O,All Time,sports
Boxing 1P Fans,Permutive,86043,Uncategorised,This is a segment of users who have browsed for boxing 1p content at any point in time.,Browses boxing 1p content,36687,,,uncategorised
HBO Fans,Permutive,411529,Arts & Entertainment,This is a segment of users who have browsed for hbo content at least once at any point in time.,Occasionally browses hbo content,219170,O,All Time,arts-entertainment
Tech Savvy Gardeners Fans,Permutive,35097,Gardening,This is a segment of users who have browsed for tech savvy gardeners content at least once at any point in time.,Occasionally browses tech savvy gardeners content,220855,O,All Time,gardening
Star Wars Lookalike,Permutive,179463,Arts & Entertainment,This is a lookalike segment based on the 'Star Wars Fans' seed segment.,Regularly browses related content,162418,R,All Time,arts-entertainment
Zelda Fans,Permutive,5021,Gaming,This is a segment of users who have browsed for zelda content at least once at any point in time.,Occasionally browses zelda content,206906,O,All Time,gaming
Time Poor Cooks Fans,Permutive,1774971,Food & Drink,This is a segment of users who have browsed for time poor cooks content at least 5 times in the last 90 days.,Frequently browses time poor cooks content,43420,F,90 Days,food-drink
Olive Entertainmers Fans,Permutive,34295,Food & Drink,This is a segment of users who have browsed for olive entertainmers content at least once at any point in time.,Occasionally browses olive entertainmers content,10676,O,All Time,food-drink
God of War Fans Lookalike,Permutive,26078,Gaming,This is a lookalike segment based on the 'God of War Fans' seed segment.,Occasionally browses related content,219237,O,All Time,gaming
World Cup Fans,Permutive,11181,Arts & Entertainment,This is a segment of users who have browsed for world cup content at least 2 times at any point in time.,Regularly browses world cup content,7617,R,All Time,arts-entertainment
Premium Segment Fans,Permutive,3403756,Food & Drink,This is a segment of users who have browsed for premium segment content at least once in the last 90 days.,Occasionally browses premium segment content,270437,O,90 Days,food-drink
GF Fans,Permutive,4089194,Food & Drink,This is a segment of users who have browsed for gf content at least 5 times at any point in time.,Frequently browses gf content,11169,F,All Time,food-drink
British -Food & Drink -Analytics-Food Cuisine Fans,Permutive,511766,Uncategorised,This is a segment of users who have browsed for british -food & drink -analytics-food cuisine content at any point in time.,Browses british -food & drink -analytics-food cuisine content,15330,,,uncategorised
Exotic Fans,Permutive,28234,Food & Drink,This is a segment of users who have browsed for exotic content at least 2 times at any point in time.,Regularly browses exotic content,117053,R,All Time,food-drink
Huawei Fans,Permutive,2917,Device,This is a segment of users who have browsed for huawei content at least once at any point in time.,Occasionally browses huawei content,85614,O,All Time,device
School Aged Children Fans,Permutive,22038,Parenting,This is a segment of users who have browsed for school aged children content at least once at any point in time.,Occasionally browses school aged children content,6475,O,All Time,parenting
Healthy Breakfast Fans,Permutive,12447,Food & Drink,This is a segment of users who have browsed for healthy breakfast content at least 2 times at any point in time.,Regularly browses healthy breakfast content,47331,R,All Time,food-drink
Solihull Geolocation,Permutive,19985,Geo targeting,This is a segment of users who accessed our content from a Solihull geolocation in the last 30 days.,Occasionally browses related content,212469,O,30 Days,geo-targeting
Toyota competitor set - neg. review Fans,Permutive,4520,Auto,This is a segment of users who have browsed for toyota competitor set - neg. review content at least once at any point in time.,Occasionally browses toyota competitor set - neg. review content,239103,O,Current Session,auto
Phillips Hue 2021 Fans,Permutive,2,Uncategorised,This is a segment of users who have browsed for phillips hue 2021 content at any point in time.,Browses phillips hue 2021 content,83019,,,uncategorised
Bulbs and Seeds Lookalike,Permutive,559970,Gardening,This is a lookalike segment based on the 'Bulbs and Seeds Fans' seed segment.,Occasionally browses related content,220592,O,All Time,gardening
Tofu Fans,Permutive,12707,Food & Drink,This is a segment of users who have browsed for tofu content at least 5 times at any point in time.,Frequently browses tofu content,79519,F,All Time,food-drink
RT doctor who newsletter popup Fans,Permutive,103435,Uncategorised,This is a segment of users who have browsed for rt doctor who newsletter popup content at any point in time.,Browses rt doctor who newsletter popup content,40684,,,uncategorised
Cycling brands Fans,Permutive,67522,Sports,This is a segment of users who have browsed for cycling brands content at least once at any point in time.,Occasionally browses cycling brands content,33136,O,All Time,sports
Egg Free Fans,Permutive,4184531,Food & Drink,This is a segment of users who have browsed for egg free content at least 2 times at any point in time.,Regularly browses egg free content,22068,R,All Time,food-drink
TCG Pokemon Lookalike,Permutive,170192,Gaming,This is a lookalike segment based on the 'TCG Pokemon Fans' seed segment.,Occasionally browses related content,216708,O,All Time,gaming
Serves 5+ Fans,Permutive,4702522,Food & Drink,This is a segment of users who have browsed for serves 5+ content at least 2 times at any point in time.,Regularly browses serves 5+ content,19710,R,All Time,food-drink
Vodka Fans,Permutive,131366,Food & Drink,This is a segment of users who have browsed for vodka content at least 2 times at any point in time.,Regularly browses vodka content,22051,R,All Time,food-drink
Nuremberg Cast Fans Lookalike,Permutive,256610,Arts & Entertainment,This is a lookalike segment based on the 'Nuremberg Cast Fans' seed segment.,Occasionally browses related content,243241,O,All Time,arts-entertainment
News section visitors RT Fans,Permutive,14343,Gaming,This is a segment of users who have browsed for news section visitors rt content at least once at any point in time.,Occasionally browses news section visitors rt content,194160,O,All Time,gaming
Plants and Trees Fans,Permutive,243910,Gardening,This is a segment of users who have browsed for plants and trees content at least once at any point in time.,Occasionally browses plants and trees content,209464,O,All Time,gardening
HBO Fans Lookalike,Permutive,1214897,Arts & Entertainment,This is a lookalike segment based on the 'HBO Fans' seed segment.,Occasionally browses related content,219690,O,All Time,arts-entertainment
Sonic the Hedgehog - Crossover Fans,Permutive,1020,Arts & Entertainment,This is a segment of users who have browsed for sonic the hedgehog - crossover content at least once at any point in time.,Occasionally browses sonic the hedgehog - crossover content,206994,O,All Time,arts-entertainment
Thriller Novel Fans,Permutive,726884,Arts & Entertainment,This is a segment of users who have browsed for thriller novel content at least once at any point in time.,Occasionally browses thriller novel content,269231,O,All Time,arts-entertainment
Arts & Entertainment -War/Military Films & Shows Fans,Permutive,341570,Uncategorised,This is a segment of users who have browsed for arts & entertainment -war/military films & shows content at least once at any point in time.,Occasionally browses arts & entertainment -war/military films & shows content,186572,O,All Time,uncategorised
Confectionary/Sweets/Desserts Fans,Permutive,340241,Food & Drink,This is a segment of users who have browsed for confectionary/sweets/desserts content at any point in time.,Browses confectionary/sweets/desserts content,248468,,,food-drink
Sports Games Lookalike,Permutive,396350,Gaming,This is a lookalike segment based on the 'Sports Games Fans' seed segment.,Occasionally browses related content,208349,O,All Time,gaming
Last of US Fans - Crossover Lookalike,Permutive,15129,Gaming,This is a lookalike segment based on the 'Last of US - Crossover Fans' seed segment.,Occasionally browses related content,207708,O,All Time,gaming
York Geolocation,Permutive,35343,Geo targeting,This is a segment of users who accessed our content from a York geolocation in the last 30 days.,Occasionally browses related content,185986,O,30 Days,geo-targeting
Downton Abbey Fans,Permutive,48462,Arts & Entertainment,This is a segment of users who have browsed for downton abbey content at least once at any point in time.,Occasionally browses downton abbey content,25105,O,All Time,arts-entertainment
Holi Fans,Permutive,1773,Food & Drink,This is a segment of users who have browsed for holi content at least once at any point in time.,Occasionally browses holi content,245872,O,All Time,food-drink
Hosters Fans,Permutive,1135419,Food & Drink,This is a segment of users who have browsed for hosters content at least 2 times at any point in time.,Regularly browses hosters content,6669,R,All Time,food-drink
Irish Cuisine Fans,Permutive,38869,Food & Drink,This is a segment of users who have browsed for irish cuisine content at any point in time.,Browses irish cuisine content,256496,,,food-drink
Sugar-Free Fans,Permutive,3273190,Food & Drink,This is a segment of users who have browsed for sugar-free content at least 2 times at any point in time.,Regularly browses sugar-free content,21602,R,All Time,food-drink
Fast Food Fans Lookalike,Permutive,1249184,Food & Drink,This is a lookalike segment based on the 'Fast Food Fans' seed segment.,Occasionally browses related content,229754,O,All Time,food-drink
Golden Syrup Fans,Permutive,2050427,Food & Drink,This is a segment of users who have browsed for golden syrup content at least 2 times at any point in time.,Regularly browses golden syrup content,18781,R,All Time,food-drink
Time Poor Gardeners Fans,Permutive,112926,Gardening,This is a segment of users who have browsed for time poor gardeners content at least once at any point in time.,Occasionally browses time poor gardeners content,220854,O,All Time,gardening
Gut-Friendly Lookalike,Permutive,126668,Food & Drink,This is a lookalike segment based on the 'Gut-Friendly Fans' seed segment.,Occasionally browses related content,21656,O,All Time,food-drink
Grand Theft Auto Franchise Fans Lookalike,Permutive,169139,Gaming,This is a lookalike segment based on the 'Grand Theft Auto Franchise Fans' seed segment.,Occasionally browses related content,207706,O,All Time,gaming
Christmas Convenience Seekers Fans,Permutive,441995,Food & Drink,This is a segment of users who have browsed for christmas convenience seekers content at least once at any point in time.,Occasionally browses christmas convenience seekers content,252847,O,All Time,food-drink
Reviews content fans,Permutive,21636,Gaming,This is a segment of users who have browsed for reviews content at least once at any point in time.,Occasionally browses reviews content,194278,O,All Time,gaming
Disney+ Fans,Permutive,398325,Arts & Entertainment,This is a segment of users who have browsed for disney+ content at least once at any point in time.,Occasionally browses disney+ content,249111,O,All Time,arts-entertainment
True Crime Lookalike,Permutive,315973,Arts & Entertainment,This is a lookalike segment based on the 'True Crime Fans' seed segment.,Regularly browses related content,123160,R,All Time,arts-entertainment
Table Sauces Fans,Permutive,67606,Food & Drink,This is a segment of users who have browsed for table sauces content at least once in the last 90 days.,Occasionally browses table sauces content,217967,O,90 Days,food-drink
Easy & Healthy Snackers Fans,Permutive,21431,Food & Drink,This is a segment of users who have browsed for easy & healthy snackers content at least 2 times at any point in time.,Regularly browses easy & healthy snackers content,41707,R,All Time,food-drink
Thai Fans,Permutive,301720,Food & Drink,This is a segment of users who have browsed for thai content at least 2 times at any point in time.,Regularly browses thai content,8512,R,All Time,food-drink
Milk Alternatives Fans,Permutive,571549,Food & Drink,This is a segment of users who have browsed for milk alternatives content at least once at any point in time.,Occasionally browses milk alternatives content,30074,O,All Time,food-drink
Occasional Easy skill level savoury recipe bakers Fans,Permutive,32775,Food & Drink,This is a segment of users who have browsed for occasional easy skill level savoury recipe bakers content at least once at any point in time.,Occasionally browses occasional easy skill level savoury recipe bakers content,25758,O,6 Months,food-drink
Urban Music Fans Lookalike,Permutive,907645,Arts & Entertainment,This is a lookalike segment based on the 'Urban Music Fans' seed segment.,Occasionally browses related content,221397,O,All Time,arts-entertainment
Dinner Fans,Permutive,3435915,Food & Drink,This is a segment of users who have browsed for dinner content at least 2 times in the last 90 days.,Regularly browses dinner content,163574,R,90 Days,food-drink
TCG Pokemon Fans,Permutive,1781,Gaming,This is a segment of users who have browsed for tcg pokemon content at least once at any point in time.,Occasionally browses tcg pokemon content,207582,O,All Time,gaming
Everyone Fans,Permutive,16166690,Uncategorised,This is a segment of users who have browsed for everyone content at any point in time.,Browses everyone content,5729,,,uncategorised
SWR Postcodes Geolocation,Permutive,791458,Geo Targeting,This is a segment of users who accessed our content from a SWR Postcodes geolocation in the last 30 days.,Occasionally browses related content,222022,O,30 Days,geo-targeting
Coventry Geolocation,Permutive,83085,Geo targeting,This is a segment of users who accessed our content from a Coventry geolocation in the last 30 days.,Occasionally browses related content,185981,O,30 Days,geo-targeting
RT football newsletter popup Fans,Permutive,360964,Uncategorised,This is a segment of users who have browsed for rt football newsletter popup content at any point in time.,Browses rt football newsletter popup content,40681,,,uncategorised
Conception Lookalike,Permutive,100907,Parenting,This is a lookalike segment based on the 'Conception Fans' seed segment.,Occasionally browses related content,87239,O,All Time,parenting
Wellness & New Year Resolution Starters Fans,Permutive,306583,ATRIA,This is a segment of users who have browsed for wellness & new year resolution starters content at any point in time.,Browses wellness & new year resolution starters content,252168,,,atria
Christopher Nolan Fans,Permutive,29122,Arts & Entertainment,This is a segment of users who have browsed for christopher nolan content at least once at any point in time.,Occasionally browses christopher nolan content,148359,O,All Time,arts-entertainment
Syrup Fans,Permutive,750982,Food & Drink,This is a segment of users who have browsed for syrup content at least once in the last 90 days.,Occasionally browses syrup content,183236,O,90 Days,food-drink
Shoes Fans,Permutive,8759,Sports,This is a segment of users who have browsed for shoes content at least once at any point in time.,Occasionally browses shoes content,6181,O,All Time,sports
Chinese New Year Fans,Permutive,99050,Food & Drink,This is a segment of users who have browsed for chinese new year content at least once at any point in time.,Occasionally browses chinese new year content,168092,O,All Time,food-drink
Zwift Fans,Permutive,71,Sports,This is a segment of users who have browsed for zwift content at least once at any point in time.,Occasionally browses zwift content,10289,O,All Time,sports
Baby Content Fans,Permutive,287134,Parenting,This is a segment of users who have browsed for baby content content at least once at any point in time.,Occasionally browses baby content,25194,O,All Time,parenting
Gathered Fans,Permutive,90,Interest,This is a segment of users who have browsed for gathered content at least once at any point in time.,Occasionally browses gathered content,30968,O,All Time,interest
Hosters at Christmas Fans,Permutive,190891,Food & Drink,This is a segment of users who have browsed for hosters at christmas content at least 2 times at any point in time.,Regularly browses hosters at christmas content,12793,R,All Time,food-drink
Frozen Food Fans,Permutive,37093,Food & Drink,This is a segment of users who have browsed for frozen food content at least once in the last 90 days.,Occasionally browses frozen food content,216111,O,90 Days,food-drink
Sports fans,Permutive,708998,Arts & Entertainment,This is a segment of users who have browsed for sports fans content at least once at any point in time.,Occasionally browses sports fans content,25588,O,All Time,arts-entertainment
Napolina HP Fans,Permutive,39,Native Tracking,This is a segment of users who have browsed for napolina hp content at least once at any point in time.,Occasionally browses napolina hp content,10078,O,All Time,native-tracking
Explainers visitors RT Fans,Permutive,300743,Gaming,This is a segment of users who have browsed for explainers visitors rt content at least once at any point in time.,Occasionally browses explainers visitors rt content,194373,O,All Time,gaming
Peas Fans,Permutive,7740,Food & Drink,This is a segment of users who have browsed for peas content at least once at any point in time.,Browses peas content,8975,,,food-drink
Spicy Food Fans,Permutive,3530714,Food & Drink,This is a segment of users who have browsed for spicy food content at least once at any point in time.,Occasionally browses spicy food content,27094,O,All Time,food-drink
Assassin's Creed Fans,Permutive,2373,Gaming,This is a segment of users who have browsed for assassin's creed content at least once at any point in time.,Occasionally browses assassin's creed content,206787,O,All Time,gaming
Eid Lookalike,Permutive,368031,Food & Drink,This is a lookalike segment based on the 'Eid Fans' seed segment.,Occasionally browses related content,256420,O,All Time,food-drink
Football Documentaries Fans Lookalike,Permutive,157362,Arts & Entertainment,This is a lookalike segment based on the 'Football Documentaries Fans' seed segment.,Occasionally browses related content,210370,O,All Time,arts-entertainment
Gin Fans Lookalike,Permutive,491815,Food & Drink,This is a lookalike segment based on the 'Gin Fans' seed segment.,Regularly browses related content,166549,R,All Time,food-drink
BBC Good Food Annoymous User Fans,Permutive,7434767,Uncategorised,This is a segment of users who have browsed for bbc good food annoymous user content at any point in time.,Browses bbc good food annoymous user content,15760,,,uncategorised
World Cup Lookalike,Permutive,195058,Arts & Entertainment,This is a lookalike segment based on the 'World Cup Fans' seed segment.,Regularly browses related content,135514,R,All Time,arts-entertainment
Sonic the Hedgehog - Crossover Lookalike,Permutive,101503,Arts & Entertainment,This is a lookalike segment based on the 'Sonic the Hedgehog - Crossover Fans' seed segment.,Occasionally browses related content,216776,O,All Time,arts-entertainment
Jaguar Fans,Permutive,576022,Auto,This is a segment of users who have browsed for jaguar content at least once at any point in time.,Occasionally browses jaguar content,19801,O,All Time,auto
Family Foodies Olive Fans,Permutive,40064,Food & Drink,This is a segment of users who have browsed for family foodies olive content at least once at any point in time.,Occasionally browses family foodies olive content,10674,O,All Time,food-drink
BT TV Customers,AP,2759467,Arts & Entertainment,We define these users as those who pay for a BT entertainment package,Pay for a BT entertainment package,ap_x 10417,,,arts-entertainment
Amazon prime subscribers,AP,8931711,Arts & Entertainment,We define these users as those who are subscribed to Amazon Prime,Are subscribed to Amazon Prime,ap_x 10472,,,arts-entertainment
Now TV subscribers,AP,481391,Arts & Entertainment,We define these users as those who are likely to be NowTV subscribers,Are likely to be NowTV subscribers,ap_x 10480,,,arts-entertainment
Christmas hosters,AP,6840010,Food & Drink,We define these users as those who host Christmas day,Host Christmas day,ap_x 13617,,,food-drink
Cat owners,AP,10996165,Pet Owner,We define these users as those who are cat owners,Are cat owners,ap_x 13618,,,pet-owner
Dog owners,AP,11735094,Pet Owner,We define these users as those who are dog owners,Are dog owners,ap_x 13619,,,pet-owner
Auto intenders,AP,755981,Auto,We define these users as those who intends on purchasing a new car,Intends on purchasing a new car,ap_x 14049,,,auto
Online music streamers,AP,6341835,Arts & Entertainment,We define these users as those who likely pay for an online music streaming service,Likely pay for an online music streaming service,ap_x 14054,,,arts-entertainment
Commercial vehicle owner,AP,416259,Auto,We define these users as those who own a commercial vehicle or van,Own a commercial vehicle or van,ap_x 14062,,,auto
Phone upgrade intenders,AP,5074393,Purchase intenders,We define these users as those who are likely to be in market for a phone upgrade,Are likely to be in market for a phone upgrade,ap_x 14209,,,purchase-intenders
Tesco shoppers,AP,20990370,Food & Drink,We define these users as those who are likely to primarily shop at Tesco,Are likely to primarily shop at Tesco,ap_x 14211,,,food-drink
Waitrose shoppers,AP,2820809,Food & Drink,We define these users as those who are most likely to shop regularly at Waitrose,Are most likely to shop regularly at Waitrose,ap_x 14212,,,food-drink
M&S shoppers,AP,2031569,Food & Drink,We define these users as those who are likely to primarily shop at M&S,Are likely to primarily shop at M&S,ap_x 14214,,,food-drink
Aldi shoppers,AP,23949459,Food & Drink,We define these users as those who prefer to shop at Aldi,Prefer to shop at Aldi,ap_x 14219,,,food-drink
Morrisons shoppers,AP,9762571,Food & Drink,We define these users as those who are likely to primarily shop at Tesco,Are likely to primarily shop at Tesco,ap_x 14220,,,food-drink
Asda shoppers,AP,7853818,Food & Drink,We define these users as those who prefer to shop at Asda,Prefer to shop at Asda,ap_x 14223,,,food-drink
CO-OP Shoppers,AP,1838087,Food & Drink,We define these users as those who prefer shopping at Co-Op,Prefer shopping at Co-Op,ap_x 14224,,,food-drink
Iceland shoppers,AP,339786,Food & Drink,We define these users as those who are likely to primarily shop at Iceland,Are likely to primarily shop at Iceland,ap_x 14227,,,food-drink
Freeview viewers,AP,15273560,Arts & Entertainment,We define these users as those who are likely to be freeview customers,Are likely to be freeview customers,ap_x 14321,,,arts-entertainment
Drama TV fans,AP,12460776,Arts & Entertainment,We define these users as those who prefer watching drama TV,Prefer watching drama TV,ap_x 14527,,,arts-entertainment
Beach holiday goers,AP,11977692,Holiday intenders,We define these users as those who prefer beach holidays,Prefer beach holidays,ap_x 15142,,,holiday-intenders
City break goers,AP,5610230,Holiday intenders,We define these users as those who prefer going on city breaks,Prefer going on city breaks,ap_x 15143,,,holiday-intenders
Countryside break goers,AP,8446441,Holiday intenders,We define these users as those who prefer going on countryside breaks,Prefer going on countryside breaks,ap_x 15144,,,holiday-intenders
Cruise goers,AP,2242657,Holiday intenders,We define these users as those who prefer cruise breaks,Prefer cruise breaks,ap_x 15145,,,holiday-intenders
Activity/sporting/skiing holiday goers,AP,1839229,Holiday intenders,We define these users as those who prefer going on activity/sporting/skiing holidays,Prefer going on activity/sporting/skiing holidays,ap_x 15146,,,holiday-intenders
Black Friday - Tech Purchasers,AP,11210655,Black Friday,We define these users as those who plan to make tech purchases on Black Friday,Plan to make tech purchases on Black Friday,ap_x 15386,,,black-friday
Garden renovation intenders,AP,24214077,Home Renovation,We define these users as those who are likely to be renovating their garden soon,Are likely to be renovating their garden soon,ap_x 15393,,,home-renovation
Bathroom renovation intenders,AP,6258440,Home Renovation,We define these users as those who intend on renovating their bathroom,Intend on renovating their bathroom,ap_x 15395,,,home-renovation
Sainsburys shoppers,AP,6260294,Food & Drink,We define these users as those who are likely to primarily shop at Sainsbury's,Are likely to primarily shop at Sainsbury's,ap_x 15398,,,food-drink
Sky TV customers,AP,18300948,Arts & Entertainment,We define these users as those who are likely to be Sky TV customers,Are likely to be Sky TV customers,ap_x 15404,,,arts-entertainment
Virgin TV customers,AP,9950794,Arts & Entertainment,We define these users as those who are likely to be Virgin TV customers,Are likely to be Virgin TV customers,ap_x 15405,,,arts-entertainment
Talk Talk TV customers,AP,2487903,Arts & Entertainment,We define these users as those who are likely to be TalkTalk TV customers,Are likely to be TalkTalk TV customers,ap_x 15406,,,arts-entertainment
Netflix subscribers,AP,20891119,Arts & Entertainment,We define these users as those who are likely to have a Netflix subscription,Are likely to have a Netflix subscription,ap_x 15407,,,arts-entertainment
Christmas guests,AP,4940304,Food & Drink,We define these users as those who spends Christmas day as a guest,Spends Christmas day as a guest,ap_x 15409,,,food-drink
Dine out on Christmas day,AP,2825074,Food & Drink,We define these users as those who likely enjoy eating out at Christmas,Likely enjoy eating out at Christmas,ap_x 15410,,,food-drink
Online food shoppers,AP,16550385,Food & Drink,We define these users as those who are likely to regularly shop online for groceries (high accuracy),Are likely to regularly shop online for groceries (high accuracy),ap_x 15418,,,food-drink
Cat & Dog Owners,AP,1640360,Pet Owner,We define these users as those who own a cat or dog,Own a cat or dog,ap_x 15419,,,pet-owner
Auto intenders - next 3 months,AP,1934351,Auto,We define these users as those who intend on purchasing a new car in the next 3 months,Intend on purchasing a new car in the next 3 months,ap_x 15422,,,auto
Auto intenders - next 6 months,AP,2824247,Auto,We define these users as those who intend on purchasing a new car in the next 6 months,Intend on purchasing a new car in the next 6 months,ap_x 15423,,,auto
Auto intenders - next 2-3 years,AP,12352235,Auto,We define these users as those who intend on purchasing a new car in the next 2-3 years,Intend on purchasing a new car in the next 2-3 years,ap_x 15425,,,auto
Company car users,AP,6654489,Auto,We define these users as those who are likely to have a company car,Are likely to have a company car,ap_x 15427,,,auto
Spotify subscribers,AP,16006252,Arts & Entertainment,We define these users as those who are likely to have a Spotify membership,Are likely to have a Spotify membership,ap_x 15428,,,arts-entertainment
Amazon music subscribers,AP,12560556,Arts & Entertainment,We define these users as those who are subscribed to Amazon Music,Are subscribed to Amazon Music,ap_x 15429,,,arts-entertainment
Google play music subscribers,AP,2260400,Arts & Entertainment,We define these users as those who are likely to be Google Play music subscribers,Are likely to be Google Play music subscribers,ap_x 15431,,,arts-entertainment
Apple music subscribers,AP,1603525,Arts & Entertainment,We define these users as those who are subscribed to Apple music,Are subscribed to Apple music,ap_x 15432,,,arts-entertainment
Christmas shopping - cheaper supermarkets,AP,2211593,Food & Drink,We define these users as those who shop at a cheaper supermarket during Christmas,Shop at a cheaper supermarket during Christmas,ap_x 15436,,,food-drink
Commercial vehicle owner,AP,1584464,Auto,We define these users as those who own a commercial vehicle or van,Own a commercial vehicle or van,ap_x 15441,,,auto
Crime TV fans,AP,4061342,Arts & Entertainment,We define these users as those who prefer watching crime TV,Prefer watching crime TV,ap_x 15449,,,arts-entertainment
Current affairs TV fans,AP,946502,Arts & Entertainment,We define these users as those who prefer watching current affairs TV,Prefer watching current affairs TV,ap_x 15450,,,arts-entertainment
Comedy TV fans,AP,6671073,Arts & Entertainment,We define these users as those who prefere watching comedy TV,Prefere watching comedy TV,ap_x 15451,,,arts-entertainment
Home/garden renovators - 1+ per week,AP,786426,Gardening,We define these users as those who likely spend money renovating their home and/or garden more than once a week,Likely spend money renovating their home and/or garden more than once a week,ap_x 15454,,,gardening
Home/garden renovators - once a week,AP,3197789,Gardening,We define these users as those who likely spend money renovating their home and/or garden around once a week,Likely spend money renovating their home and/or garden around once a week,ap_x 15455,,,gardening
Home/garden renovators - 1-2x per month,AP,8703042,Gardening,We define these users as those who likely spend money renovating their home and/or garden 1-2 times per month,Likely spend money renovating their home and/or garden 1-2 times per month,ap_x 15456,,,gardening
Auto intenders,AP,5017677,Auto,We define these users as those who intend on purchasing a new car,Intend on purchasing a new car,ap_x 15457,,,auto
New home purchase intenders,AP,3588214,Home,We define these users as those who are likely in market to purchase a new home,Are likely in market to purchase a new home,ap_x 15459,,,home
Regular holiday goers - 3+ times a year,AP,2818809,Holiday intenders,We define these users as those who are likely to go on holiday more than 3 times a year,Are likely to go on holiday more than 3 times a year,ap_x 15462,,,holiday-intenders
Holiday purchase intenders - Less than £500,AP,5506989,Holiday intenders,We define these users as those who tend to spend under £500 on their family holidays,Tend to spend under £500 on their family holidays,ap_x 15463,,,holiday-intenders
Holiday purchase intenders - £500-1000,AP,5988897,Holiday intenders,We define these users as those who tend to spend around £501-£999 on their average family holidays,Tend to spend around £501-£999 on their average family holidays,ap_x 15464,,,holiday-intenders
Holiday purchase intenders - £4-8k,AP,3255513,Holiday intenders,We define these users as those who tend to spend around £4k-£8k on their average family holidays,Tend to spend around £4k-£8k on their average family holidays,ap_x 15466,,,holiday-intenders
Holiday purchase intenders - £8k+,AP,2191374,Holiday intenders,We define these users as those who tend to spend over £8k on their average family holidays,Tend to spend over £8k on their average family holidays,ap_x 15467,,,holiday-intenders
Hatchback owners,AP,10012953,Auto,We define these users as those who likely own a hatchback,Likely own a hatchback,ap_x 15469,,,auto
Saloon owners,AP,5931731,Auto,We define these users as those who are likely to own a saloon car,Are likely to own a saloon car,ap_x 15472,,,auto
Sports car owners,AP,24602226,Auto,We define these users as those who tend to consider sports cars when buying a new car,Tend to consider sports cars when buying a new car,ap_x 15475,,,auto
Hot hatch owners,AP,523306,Auto,We define these users as those who own a hot hatch car,Own a hot hatch car,ap_x 15477,,,auto
Food shoppers - £51-70,AP,11555935,Food & Drink,We define these users as those who tend to spend around £51-£70 per week on their groceries,Tend to spend around £51-£70 per week on their groceries,ap_x 15482,,,food-drink
Food shoppers - £71-120,AP,13191594,Food & Drink,We define these users as those who spend £71-120 on groceries per week,Spend £71-120 on groceries per week,ap_x 15483,,,food-drink
Food shoppers - £120+,AP,5190656,Food & Drink,We define these users as those who spend more than £120 on groceries per week,Spend more than £120 on groceries per week,ap_x 15484,,,food-drink
Regular online food shoppers,AP,5178545,Food & Drink,We define these users as those who are liekly to regularly shop online for their food,Are liekly to regularly shop online for their food,ap_x 15486,,,food-drink
Occasional online food shoppers,AP,24148709,Food & Drink,We define these users as those who occasionally buy their groceries online,Occasionally buy their groceries online,ap_x 15487,,,food-drink
Auto intenders - £5-15k spenders,AP,8371503,Auto,We define these users as those who plan to spend between £5-15k on a car,Plan to spend between £5-15k on a car,ap_x 15490,,,auto
Auto intenders - £15-30k spenders,AP,8824067,Auto,We define these users as those who plan to spend between £15-30k on a car,Plan to spend between £15-30k on a car,ap_x 15491,,,auto
Auto intenders - £30-50k spenders,AP,3842124,Auto,We define these users as those who plan to spend between £30-50k on a car,Plan to spend between £30-50k on a car,ap_x 15492,,,auto
Auto intenders - £50-75k spenders,AP,2757619,Auto,We define these users as those who plan to spend between £50k-75k on a car,Plan to spend between £50k-75k on a car,ap_x 15493,,,auto
Auto intenders - £75k+ spenders,AP,1589636,Auto,We define these users as those who plan to spend more than £75k on a car,Plan to spend more than £75k on a car,ap_x 15494,,,auto
Car payment - lease,AP,2600039,Auto,We define these users as those who plan to purchase their next car on lease,Plan to purchase their next car on lease,ap_x 15496,,,auto
Car payment - PCP,AP,8630397,Auto,We define these users as those who plan to purchase their next car on a PCP scheme,Plan to purchase their next car on a PCP scheme,ap_x 15497,,,auto
Car payment - loan,AP,6391590,Auto,We define these users as those who plan to purchase their next car using a loan,Plan to purchase their next car using a loan,ap_x 15498,,,auto
Car payment - cash,AP,22780969,Auto,We define these users as those who plan to purchase their next car with cash,Plan to purchase their next car with cash,ap_x 15499,,,auto
Cider drinkers,AP,4489133,Food & Drink,We define these users as those who prefer drinking cider,Prefer drinking cider,ap_x 15502,,,food-drink
Cocktail drinkers,AP,7883993,Food & Drink,We define these users as those who prefer drinking cocktails,Prefer drinking cocktails,ap_x 15503,,,food-drink
Beer drinkers,AP,6892712,Food & Drink,We define these users as those who prefer drinking beer,Prefer drinking beer,ap_x 15504,,,food-drink
Swimmers,AP,10280312,Sports,We define these users as those who are likely to enjoy swimming,Are likely to enjoy swimming,ap_x 15507,,,sports
Runners,AP,3010408,Sports,We define these users as those who are liekly to enjoy regularly running,Are liekly to enjoy regularly running,ap_x 15508,,,sports
Skiers/Snowboarders,AP,1114030,Holiday intenders,We define these users as those who are likely to enjoy skying and/or snowboarding,Are likely to enjoy skying and/or snowboarding,ap_x 15509,,,holiday-intenders
Cross fit enthusiasts,AP,747291,Sports,We define these users as those who enjoy crossfit,Enjoy crossfit,ap_x 15510,,,sports
Outdoor walking enthusiasts,AP,23221231,Sports,We define these users as those who are likely to regularly enjoy outdoor walking,Are likely to regularly enjoy outdoor walking,ap_x 15511,,,sports
Christmas gift buyers - first half of the year,AP,1137554,Christmas,We define these users as those who purchase their Christmas presents in the first half of the year,Purchase their Christmas presents in the first half of the year,ap_x 15513,,,christmas
Christmas gift buyers - 1-2 months in advance,AP,14115527,Christmas,We define these users as those who purchase their Christmas presents 1-2 months in advance,Purchase their Christmas presents 1-2 months in advance,ap_x 15514,,,christmas
Christmas gift buyers - early december,AP,3588403,Christmas,We define these users as those who purchase their Christmas presents early December,Purchase their Christmas presents early December,ap_x 15515,,,christmas
Christmas gift buyers - mid december,AP,2632781,Christmas,We define these users as those who purchase their Christmas presents mid December,Purchase their Christmas presents mid December,ap_x 15516,,,christmas
Christmas gift buyers - last minute,AP,1019026,Christmas,We define these users as those who purchase their Christmas presents last minute,Purchase their Christmas presents last minute,ap_x 15517,,,christmas
Reducing meat or dairy in diet,AP,1735729,Food & Drink,We define these users as those who likely intend on reducing their meat or dairy consumption,Likely intend on reducing their meat or dairy consumption,ap_x 15711,,,food-drink
Diet - cutting all meat and dairy,AP,774285,Food & Drink,We define these users as those who plan to cut all meat and dairy from their diet,Plan to cut all meat and dairy from their diet,ap_x 15713,,,food-drink
Vegan,AP,1756696,Food & Drink,We define these users as those who are likely to be vegans,Are likely to be vegans,ap_x 15714,,,food-drink
Coffee Drinkers,AP,20136636,Food & Drink,We define these users as those who prefer drinking coffee,Prefer drinking coffee,ap_x 15715,,,food-drink
Tea drinkers,AP,16378399,Food & Drink,We define these users as those whosehot drink preference is likely to be tea,We define these users as those whosehot drink preference is likely to be tea,ap_x 15716,,,food-drink
Car owners,AP,31094178,Auto,We define these users as those who already own a car,Already own a car,ap_x 15839,,,auto
Home owners,AP,24333952,Home,We define these users as those who are likely to be home owners,Are likely to be home owners,ap_x 15850,,,home
Confident bakers,AP,10486296,Food & Drink,We define these users as those who are confident when baking,Are confident when baking,ap_x 15859,,,food-drink
Home renters,AP,6012718,Home,We define these users as those who are likely to be renters,Are likely to be renters,ap_x 15863,,,home
Self employed - business owners,AP,7202765,Demographics - employment,We define these users as those who are likely to be business owners (high accuracy),Are likely to be business owners (high accuracy),ap_x 15869,,,demographics-employment
Business Owners (1-9 people),AP,30311817,Demographics - employment,We define these users as those who own a business with up to 10 employees,Own a business with up to 10 employees,ap_x 15870,,,demographics-employment
Business Owners (10-50 people),AP,4139667,Demographics - employment,We define these users as those who own a business with 10-50 employees,Own a business with 10-50 employees,ap_x 15871,,,demographics-employment
Business Owners (50+ People),AP,1493539,Demographics - employment,We define these users as those who own a business with 50 or more employees,Own a business with 50 or more employees,ap_x 15872,,,demographics-employment
Sci-fi film fans,AP,3669189,Arts & Entertainment,We define these users as those who are likely to enjoy sci-fi films,Are likely to enjoy sci-fi films,ap_x 15873,,,arts-entertainment
Horror film fans,AP,1375525,Arts & Entertainment,We define these users as those who are likely to enjoy horror movies,Are likely to enjoy horror movies,ap_x 15874,,,arts-entertainment
Comedy film fans,AP,6230601,Arts & Entertainment,We define these users as those who prefer watching comedy films,Prefer watching comedy films,ap_x 15875,,,arts-entertainment
Action film fans,AP,3946716,Arts & Entertainment,We define these users as those who enjoy watching action films,Enjoy watching action films,ap_x 15876,,,arts-entertainment
Adventure film fans,AP,3435710,Arts & Entertainment,We define these users as those who enjoy watching adventure films,Enjoy watching adventure films,ap_x 15877,,,arts-entertainment
Musical film fans,AP,5335708,Arts & Entertainment,We define these users as those who are likely to enjoy musical films,Are likely to enjoy musical films,ap_x 15878,,,arts-entertainment
History film fans,AP,4987329,Arts & Entertainment,We define these users as those who enjoy watching Historic genre films,Enjoy watching Historic genre films,ap_x 15879,,,arts-entertainment
Romance film fans,AP,4184799,Arts & Entertainment,We define these users as those who are likely to love romantic movies,Are likely to love romantic movies,ap_x 15881,,,arts-entertainment
Crime film fans,AP,11183487,Arts & Entertainment,We define these users as those who prefer watching crime films,Prefer watching crime films,ap_x 15882,,,arts-entertainment
High end haircare product users,AP,2860242,Beauty,We define these users as those who tend to chose high end tier products for their haircare regime,Tend to chose high end tier products for their haircare regime,ap_x 15883,,,beauty
Medium tier haircare product users,AP,14918385,Beauty,We define these users as those who tend to chose medium tier products for their haircare regime,Tend to chose medium tier products for their haircare regime,ap_x 15884,,,beauty
Affordable haircare product users,AP,15533226,Beauty,We define these users as those who tend to chose affordable products for their haircare regime,Tend to chose affordable products for their haircare regime,ap_x 15885,,,beauty
Skincare - high end product preference,AP,2005701,Beauty,We define these users as those who tend to chose high end products for their skincare regime,Tend to chose high end products for their skincare regime,ap_x 15886,,,beauty
Skincare - medium tier product preference,AP,7380835,Beauty,We define these users as those who tend to chose medium-tier products for their skincare regime,Tend to chose medium-tier products for their skincare regime,ap_x 15887,,,beauty
Skincare - affordable product preference,AP,10763971,Beauty,We define these users as those who tend to chose affordable products for their skincare regime,Tend to chose affordable products for their skincare regime,ap_x 15888,,,beauty
Mortgage free home owners,AP,5623699,Home,We define these users as those who are likely to be mortgage free home owners,Are likely to be mortgage free home owners,ap_x 15955,,,home
Online gamers,AP,11438570,Interest,We define these users as those who are likely to be regular online gamers,Are likely to be regular online gamers,ap_x 15956,,,interest
Domestic Travel intenders,AP,23297837,Holiday intenders,We define these users as those who prefer a domestic holiday,Prefer a domestic holiday,ap_x 15957,,,holiday-intenders
Frequent takeaway purchasers,AP,6155880,Food & Drink,We define these users as those who are likely to frequently get takeaways,Are likely to frequently get takeaways,ap_x 15960,,,food-drink
Regular betters,AP,14670513,Interest,We define these users as those who are likely to regularly place bets either online or at the bookmakers,Are likely to regularly place bets either online or at the bookmakers,ap_x 15988,,,interest
EV/hybrid car fans,AP,15449262,Auto,We define these users as those who prefer EV/hybrid cars,Prefer EV/hybrid cars,ap_x 16156,,,auto
Child - 0-3 months,AP,668909,Demographics - Children,We define these users as those whose youngest child is between the ages of 0-3 months,We define these users as those whose youngest child is between the ages of 0-3 months,ap_x 16157,,,demographics-children
Child - 4-6 months,AP,111314,Demographics - Children,We define these users as those who youngest child is aged 4-6 months,Youngest child is aged 4-6 months,ap_x 16158,,,demographics-children
Child - 7-12 months,AP,1705279,Demographics - Children,We define these users as those who youngest child is aged 7-12 months,Youngest child is aged 7-12 months,ap_x 16159,,,demographics-children
Child - 1-2 years,AP,2944046,Demographics - Children,We define these users as those who youngest child is aged 1-2 years,Youngest child is aged 1-2 years,ap_x 16160,,,demographics-children
Alcohol Drinkers,AP,13333733,Food & Drink,We define these users as those who drink,Drink,ap_x 16166,,,food-drink
Console gamers,AP,19084990,Interest,We define these users as those who prefer to game on a console,Prefer to game on a console,ap_x 16170,,,interest
Nutritional supplement purchasers,AP,22433582,Sports,We define these users as those who purchase nutritional supplements,Purchase nutritional supplements,ap_x 16266,,,sports
Black Friday deal searchers,AP,7433218,Black Friday,We define these users as those who actively look for deals during Black Friday,Actively look for deals during Black Friday,ap_x 16490,,,black-friday
Black friday - Considering deals if relevant,AP,17554985,Black Friday,We define these users as those who may consider Black Friday deals if relevant,May consider Black Friday deals if relevant,ap_x 16491,,,black-friday
Spend Christmas with friends/family,AP,6554678,Christmas,We define these users as those who are likely to spend the Christmas holiday season with friends/family,Are likely to spend the Christmas holiday season with friends/family,ap_x 16493,,,christmas
Christmas staycation intenders,AP,304866,Christmas,We define these users as those who intend on planning a staycation for Christmas this year,Intend on planning a staycation for Christmas this year,ap_x 16494,,,christmas
Spend Christmas abroad,AP,414516,Christmas,We define these users as those who are likely to spend the Christmas holiday season abroad,Are likely to spend the Christmas holiday season abroad,ap_x 16495,,,christmas
Christmas presents - spend more than last year,AP,5098716,Christmas,We define these users as those who are likely to spend more than last year on Christmas presents,Are likely to spend more than last year on Christmas presents,ap_x 16497,,,christmas
Christmas presents - spend the same last year,AP,14063924,Christmas,We define these users as those who are likely to spend the same as last year on Christmas presents,Are likely to spend the same as last year on Christmas presents,ap_x 16498,,,christmas
Christmas gift buyers - technology - £250-500,AP,16194437,Christmas,We define these users as those who are likely to spend £250-£500 on technology related products at Christmas,Are likely to spend £250-£500 on technology related products at Christmas,ap_x 16500,,,christmas
Christmas gift buyers - technology - £500-750,AP,1731684,Christmas,We define these users as those who are likely to spend £500-£750 on technology related products at Christmas,Are likely to spend £500-£750 on technology related products at Christmas,ap_x 16501,,,christmas
Christmas gift buyers - technology - £750-1000,AP,4553627,Christmas,We define these users as those who are likely to spend £750-£1000 on technology related products at Christmas,Are likely to spend £750-£1000 on technology related products at Christmas,ap_x 16502,,,christmas
Christmas gift buyers - technology - £1000+,AP,1219818,Christmas,"We define these users as those who usually spend over £1,000 on technology per year for Christmas","Usually spend over £1,000 on technology per year for Christmas",ap_x 16503,,,christmas
Christmas gift buyers - clothing - Less than £100,AP,18749777,Christmas,We define these users as those who spends less than £100 on clothing for Christmas presents,Spends less than £100 on clothing for Christmas presents,ap_x 16504,,,christmas
Christmas gift buyers - clothing - £100-250,AP,10954105,Christmas,We define these users as those who spends £100-250 on clothing for Christmas presents,Spends £100-250 on clothing for Christmas presents,ap_x 16505,,,christmas
Christmas gift buyers - clothing - £250-500,AP,4361630,Christmas,We define these users as those who spends £250-500 on clothing for Christmas presents,Spends £250-500 on clothing for Christmas presents,ap_x 16506,,,christmas
Christmas gift buyers - clothing - £500-800,AP,2244769,Christmas,We define these users as those who spends £500-800 on clothing for Christmas presents,Spends £500-800 on clothing for Christmas presents,ap_x 16507,,,christmas
Christmas gift buyers - clothing - £800+,AP,1671007,Christmas,We define these users as those who spends £800+ on clothing for Christmas presents,Spends £800+ on clothing for Christmas presents,ap_x 16508,,,christmas
Christmas/NYE hosters,AP,3793049,Christmas,We define these users as those who enjoy hosting at Christmas and/or New Year's Eve,Enjoy hosting at Christmas and/or New Year's Eve,ap_x 16509,,,christmas
NYE - going out,AP,1173175,New Years,We define these users as those who are likely to go out for New Year's Eve,Are likely to go out for New Year's Eve,ap_x 16510,,,new-years
NYE - staying in,AP,31261078,New Years,We define these users as those who are likely to stay in for New Year's Eve,Are likely to stay in for New Year's Eve,ap_x 16511,,,new-years
NYE - party hosters,AP,584505,New Years,We define these users as those who are likely to host a party/gathering at their own home on New Year's Eve,Are likely to host a party/gathering at their own home on New Year's Eve,ap_x 16512,,,new-years
Christmas quality food shoppers,AP,5433785,Christmas,We define these users as those who prefer to shop for better quality food during Christmas,Prefer to shop for better quality food during Christmas,ap_x 16513,,,christmas
Christmas unique product shoppers,AP,23171732,Christmas,We define these users as those who shop at u,Shop at u,ap_x 16514,,,christmas
Christmas stock level shoppers,AP,4180544,Christmas,We define these users as those who shop at multiple supermarkets at Christmas to obtain high stock levels,Shop at multiple supermarkets at Christmas to obtain high stock levels,ap_x 16515,,,christmas
Shop at multiple supermarkets due to habit,AP,2908144,Christmas,We define these users as those who are likely to spend at multiple supermarkets down to habit,Are likely to spend at multiple supermarkets down to habit,ap_x 16516,,,christmas
Christmas food quality - Very important,AP,19952509,Christmas,We define these users as those who consider how premium the food quality is for their Christmas shop to be very important,Consider how premium the food quality is for their Christmas shop to be very important,ap_x 16517,,,christmas
Christmas food quality - Somewhat important,AP,12327374,Christmas,We define these users as those who consider how premium the food quality is for their Christmas shop to be somewhat important,Consider how premium the food quality is for their Christmas shop to be somewhat important,ap_x 16518,,,christmas
Christmas shopping - change stores based on price,AP,18438835,Christmas,We define these users as those who change stores based on prices for their Christmas shop,Change stores based on prices for their Christmas shop,ap_x 16519,,,christmas
Christmas shopping - change stores based on range of food,AP,14820297,Christmas,We define these users as those who change stores based on range of food for their Christmas shop,Change stores based on range of food for their Christmas shop,ap_x 16520,,,christmas
Christmas shopping - change stores based on recommendation,AP,2518781,Christmas,We define these users as those who change stores based on recommendations from others for their Christmas shop,Change stores based on recommendations from others for their Christmas shop,ap_x 16521,,,christmas
New year diet - no change,AP,22431145,Food & Drink,We define these users as those who are unlikely to change their diet in January,Are unlikely to change their diet in January,ap_x 16529,,,food-drink
No children in the household,AP,13387442,Demographics - Children,We define these users as those who have no childen in their household,Have no childen in their household,ap_x 16536,,,demographics-children
Child - 5-10 years,AP,13538479,Demographics - Children,We define these users as those whoseyoungest child is aged 5-10,We define these users as those whoseyoungest child is aged 5-10,ap_x 16539,,,demographics-children
Child - 10-15 years,AP,5336435,Demographics - Children,We define these users as those who youngest child is aged 10-15 years,Youngest child is aged 10-15 years,ap_x 16540,,,demographics-children
Disney+ subscribers,AP,28560049,Arts & Entertainment,We define these users as those who are subscribed to Disney plus,Are subscribed to Disney plus,ap_x 16594,,,arts-entertainment
Premium car considerers,AP,4650807,Auto,"We define these users as those who , when buying a car, consider how premium it is as the most important factor",", when buying a car, consider how premium it is as the most important factor",ap_x 16624,,,auto
Style first car considerers,AP,1509812,Auto,"We define these users as those who , when buying a car, consider how stylish it is as the most important factor",", when buying a car, consider how stylish it is as the most important factor",ap_x 16625,,,auto
Cooking enthusiasts,AP,31848228,Food & Drink,We define these users as those who have clearly indicated that they enjoy cooking,Have clearly indicated that they enjoy cooking,ap_x 16628,,,food-drink
HIIT workout enthusiasts,AP,2552414,Sports,We define these users as those who are likely to regularly do HIIT workouts,Are likely to regularly do HIIT workouts,ap_x 16629,,,sports
Weight lifting enthusiasts,AP,3801740,Sports,We define these users as those who enjoy weight lifting in order to keep fit,Enjoy weight lifting in order to keep fit,ap_x 16630,,,sports
Treadmill running/walking enthusiasts,AP,3503112,Sports,We define these users as those who enjoy using an indoor treadmill in order to keep fit,Enjoy using an indoor treadmill in order to keep fit,ap_x 16631,,,sports
Indoor cycling enthusiasts,AP,3810466,Sports,We define these users as those who enjoy indoor cycling as an activity to keep fit,Enjoy indoor cycling as an activity to keep fit,ap_x 16632,,,sports
Loan intenders,AP,6883298,Purchase intenders,We define these users as those who might consider using a loan to pay for their next big purchase,Might consider using a loan to pay for their next big purchase,ap_x 16633,,,purchase-intenders
Purchase intenders - savings,AP,12329688,Purchase intenders,We define these users as those who might consider using savings to pay for their next big purchase,Might consider using savings to pay for their next big purchase,ap_x 16634,,,purchase-intenders
Purchase intenders - credit card,AP,6815025,Purchase intenders,We define these users as those who might consider using a credit card to pay for their next big purchase,Might consider using a credit card to pay for their next big purchase,ap_x 16635,,,purchase-intenders
Purchase intenders - cash,AP,12707210,Purchase intenders,We define these users as those who might consider using cash to pay for their next big purchase,Might consider using cash to pay for their next big purchase,ap_x 16636,,,purchase-intenders
Playstation gamers,AP,17769306,Interest,We define these users as those who prefer to game on an Playstation,Prefer to game on an Playstation,ap_x 16887,,,interest
Nintendo gamers,AP,4282654,Interest,We define these users as those who prefer to game on an Nintendo,Prefer to game on an Nintendo,ap_x 16889,,,interest
PC gamers,AP,14974254,Interest,We define these users as those who are likely to be PC gamers,Are likely to be PC gamers,ap_x 16949,,,interest
Child - 1-3 years,AP,6731830,Demographics - Children,We define these users as those whoseyoungest child is aged 1-3,We define these users as those whoseyoungest child is aged 1-3,ap_x 16959,,,demographics-children
Child - 3-5 years,AP,9091216,Demographics - Children,We define these users as those whoseyoungest child is aged 3-5,We define these users as those whoseyoungest child is aged 3-5,ap_x 16960,,,demographics-children
Beer drinkers,AP,12960531,Food & Drink,We define these users as those who prefer drinking beer,Prefer drinking beer,ap_x 17044,,,food-drink
Theatre music enthusiasts,AP,11221925,Arts & Entertainment,We define these users as those who enjoy listening to theatre music,Enjoy listening to theatre music,ap_x 17120,,,arts-entertainment
Theatre fans,AP,24912194,Arts & Entertainment,We define these users as those who are theatre fans,Are theatre fans,ap_x 17121,,,arts-entertainment
Non-alcoholic alternative purchasers,AP,24118355,Food & Drink,We define these users as those who purchase non-alcoholic alternatives,Purchase non-alcoholic alternatives,ap_x 17128,,,food-drink
Lidl shoppers,AP,12145035,Food & Drink,We define these users as those who prefer shopping at Lidl,Prefer shopping at Lidl,ap_x 17154,,,food-drink
Readers,AP,32165645,Interest,We define these users as those who regularly read books,Regularly read books,ap_x 17160,,,interest
Healthcare Professionals,AP,5358737,Demographics - employment,We define these users as those who work in the healthcare sector,Work in the healthcare sector,ap_x 17197,,,demographics-employment
Practical Car Fans,AP,14478521,Auto,"We define these users as those who, when in market for a car, consider practical ones (e.g. Citroen, Honda, Mazda, Volvo)","We define these users as those who, when in market for a car, consider practical ones (e.g. Citroen, Honda, Mazda, Volvo)",ap_x 17202,,,auto
Premium Car Fans,AP,1927769,Auto,"We define these users as those who, when in market for a car, consider Premium ones (e.g. Audi, BMW, Jaguar, Mercedes)","We define these users as those who, when in market for a car, consider Premium ones (e.g. Audi, BMW, Jaguar, Mercedes)",ap_x 17203,,,auto
Long Haul Travellers,AP,4443862,Travel,We define these users as those who prefer long haul travels,Prefer long haul travels,ap_x 17211,,,travel
International Travellers,AP,13572106,Travel,We define these users as those who usually go on international holidays,Usually go on international holidays,ap_x 17285,,,travel
Mobile Gamers,AP,9092133,Interest,We define these users as those who enjoy online gaming,Enjoy online gaming,ap_x 17286,,,interest
Smart Home Tech Considerers,AP,20224252,Home,We define these users as those who would consider implementing any smart home tech,Would consider implementing any smart home tech,ap_x 17287,,,home
January Health Kickers,AP,23264401,Food & Drink,We define these users as those who are likely to consider a health kick in January,Are likely to consider a health kick in January,ap_x 17299,,,food-drink
Long Commuters,AP,5814885,Demographics - employment,We define these users as those who usually spend 60 mins. or more commuting (both ways combined),Usually spend 60 mins. or more commuting (both ways combined),ap_x 17301,,,demographics-employment
Holidays - Looking Forward Nature,AP,8974154,Travel,We define these users as those who look forward nature-related activities when going on holidays,Look forward nature-related activities when going on holidays,ap_x 17312,,,travel
Watersports Fans,AP,7162239,Sports,"We define these users as those who are most interested in ""Watersports"" than in other disciplines","Are most interested in ""Watersports"" than in other disciplines",ap_x 17325,,,sports
Unacesssed pensions,AP,20901500,Interest,We define these users as those who still have not accessed their Defined Contribution Pension,Still have not accessed their Defined Contribution Pension,ap_x 17320,,,interest
UKTV Play Subscribers,AP,2169661,Arts & Entertainment,We define these users as those who are subscribed to UKTV Play,Are subscribed to UKTV Play,ap_x 17422,,,arts-entertainment
Rugby Fans,AP,7710315,Sports,"We define these users as those who chose ""Rugby"" as their favourite sport","Chose ""Rugby"" as their favourite sport",ap_x 17354,,,sports
Robotic Lawn Mower Considerers,AP,7536391,Gardening,We define these users as those who would consider buying a Robotic Lawn Mower,Would consider buying a Robotic Lawn Mower,ap_x 17397,,,gardening
Ride-On/Tractor Lawn Mower Considerers,AP,3230979,Gardening,We define these users as those who would consider buying a Ride-on or Tractor Lawn Mower,Would consider buying a Ride-on or Tractor Lawn Mower,ap_x 17406,,,gardening
Restaurant Goers,AP,12409904,Food & Drink,We define these users as those who were looking forward to going out to restaurants before the easing of lockdown restrictions,Were looking forward to going out to restaurants before the easing of lockdown restrictions,ap_x 17426,,,food-drink
Renters - No Home contents Insurance,AP,3430360,Interest,We define these users as those who rent their homes without having a Home Contents Insurance,Rent their homes without having a Home Contents Insurance,ap_x 17338,,,interest
Readers - Print Format,AP,24601442,Interest,We define these users as those who prefer to read books in print format,Prefer to read books in print format,ap_x 17356,,,interest
Readers - e-Book Format,AP,9140462,Interest,We define these users as those who prefer to read books in e-book format,Prefer to read books in e-book format,ap_x 17357,,,interest
Readers - Audiobook Format,AP,1127532,Interest,We define these users as those who prefer listening to audiobooks rather than reading them on other formats,Prefer listening to audiobooks rather than reading them on other formats,ap_x 17355,,,interest
"Pub, Cocktails-Bars Goers",AP,3982374,Food & Drink,We define these users as those who were looking forward to going out to pubs and cocktail bars before the easing of lockdown restrictions,Were looking forward to going out to pubs and cocktail bars before the easing of lockdown restrictions,ap_x 17384,,,food-drink
Pensions - Financial Focus,AP,17140738,Interest,We define these users as those who give focus to the financial aspects of their pensions by researching or receiving professional advice,Give focus to the financial aspects of their pensions by researching or receiving professional advice,ap_x 17405,,,interest
Pensions - Already Accessed them,AP,4411586,Interest,We define these users as those who have already accessed their Defined Contribution Pension,Have already accessed their Defined Contribution Pension,ap_x 17350,,,interest
Pension Access Intender,AP,3639492,Interest,We define these users as those who intend to access their Defined Contribution Pension in the next 12 months,Intend to access their Defined Contribution Pension in the next 12 months,ap_x 17322,,,interest
Nat Geo Channel - Regular Viewers,AP,5636162,Arts & Entertainment,We define these users as those who watch the National Geographic Channel once a month,Watch the National Geographic Channel once a month,ap_x 17381,,,arts-entertainment
Nat Geo Channel - Ocassional Viewers,AP,1148009,Arts & Entertainment,We define these users as those who watch the National Geographic Channel once a year,Watch the National Geographic Channel once a year,ap_x 17382,,,arts-entertainment
Nat Geo Channel - Gold Viewers,AP,656085,Arts & Entertainment,We define these users as those who watch the National Geographic Channel at least once a week,Watch the National Geographic Channel at least once a week,ap_x 17416,,,arts-entertainment
Holidays - Looking Forward Relaxing,AP,12623433,Travel,"We define these users as those who look forward to ""Relaxing"" when going on holidays","Look forward to ""Relaxing"" when going on holidays",ap_x 17347,,,travel
Employment - Middle Management,AP,1665019,Demographics - employment,"We define these users as those who current job position level could be described as ""Middle Management""","Current job position level could be described as ""Middle Management""",ap_x 17385,,,demographics-employment
Confident Cooks,AP,10779025,Food & Drink,We define these users as those who feel confident when cooking,Feel confident when cooking,ap_x 17423,,,food-drink
Company Car Considerers,AP,4914725,Interest,"We define these users as those who would consider ""Company Car"" as a type of car ownership","Would consider ""Company Car"" as a type of car ownership",ap_x 17390,,,interest
Christmas - Charity Donors,AP,20285909,NGO Contributors,We define these users as those who consider donating money to charity at Christmas,Consider donating money to charity at Christmas,ap_x 17411,,,ngo-contributors
C Level Executives,AP,4023593,Demographics - employment,"We define these users as those who current job position level could be described as ""C-Level Executive""","Current job position level could be described as ""C-Level Executive""",ap_x 17339,,,demographics-employment
Bedroom Renovations Purchase Intenders,AP,3313601,Interest,We define these users as those who are more likely to spend on Bedroom Renovations next,Are more likely to spend on Bedroom Renovations next,ap_x 17349,,,interest
Air Fryer Considerers,AP,16276769,Food & Drink,We define these users as those who would consider buying an Air Fryer,Would consider buying an Air Fryer,ap_x 17323,,,food-drink
Diesel Car owners,AP,1942309,Auto,We define these users as those who own a diesel car,Own a diesel car,ap_x 17427,,,auto
Petrol Car owners,AP,22505830,Auto,We define these users as those who own a petrol car,Own a petrol car,ap_x 17428,,,auto
Late Night Podcast Listeners,AP,636113,Arts & Entertainment,We define these users as those who listen to podcasts between 12 AM and 4 AM,Listen to podcasts between 12 AM and 4 AM,ap_x 17433,,,arts-entertainment
Apple TV Subscribers,AP,157250,Arts & Entertainment,We define these users as those who are subscribed to Apple TV,Are subscribed to Apple TV,ap_x 17434,,,arts-entertainment
Not confident cooks,AP,19649826,Food & Drink,We define these users as those who don't feel confident while cooking,Don't feel confident while cooking,ap_x 17447,,,food-drink
Fuel - Willing to pay more,AP,3139343,Auto,We define these users as those who are willing to pay more for high-quality fuel,Are willing to pay more for high-quality fuel,ap_x 17458,,,auto
Camping/Caravan holiday goers,AP,6103446,Auto,"We define these users as those who selected ""Camping/Caravan"" as the getaway they usually go on","Selected ""Camping/Caravan"" as the getaway they usually go on",ap_x 17459,,,auto
Premium Fuel Customers,AP,1297700,Auto,We define these users as those who regularly purchase premium petrol/diesel fuel,Regularly purchase premium petrol/diesel fuel,ap_x 17457,,,auto
Family Parks Goers,AP,1579389,Travel,"We define these users as those who selected ""Family Parks"" (e.g. ""Them Parks"", ""Center Parcs"") as the getaway they usually go on","Selected ""Family Parks"" (e.g. ""Them Parks"", ""Center Parcs"") as the getaway they usually go on",ap_x 17465,,,travel
Gifters - Beauty / Grooming,AP,12593099,Purchase intenders,"We define these users as those who buy beauty/grooming kits for special ocassions (e.g. Christmas, Birthdays, Mother's day, etc.)","Buy beauty/grooming kits for special ocassions (e.g. Christmas, Birthdays, Mother's day, etc.)",ap_x 17500,,,purchase-intenders
Streaming Subs -NON Disney+,AP,2557255,Arts & Entertainment,"We define these users as those who are subscribed to any of the following streaming services: Netflix, Amazon Primer, Now TV or Apple TV","Are subscribed to any of the following streaming services: Netflix, Amazon Primer, Now TV or Apple TV",ap_x 17470,,,arts-entertainment
Nat Geo on Disney+,AP,7463051,Arts & Entertainment,We define these users as those who watch The National Geographic on Disney+,Watch The National Geographic on Disney+,ap_x 17475,,,arts-entertainment
Xbox Game Pass Subscribers,AP,6520830,Interest,We define these users as those who subscribed to Xbox Game Pass,Subscribed to Xbox Game Pass,ap_x 17481,,,interest
Public Transportation Users,AP,5735968,Interest,"We define these users as those who chose ""public transportation"" as their preferred way to travel to work, school or other events","Chose ""public transportation"" as their preferred way to travel to work, school or other events",ap_x 17489,,,interest
Black Friday - Ticket Purchasers,AP,1825717,Purchase intenders,We define these users as those who who are most likely to purchase Tickets during Black Friday,Who are most likely to purchase Tickets during Black Friday,ap_x 17486,,,purchase-intenders
Black Friday - Clothing/Fashion Purchasers,AP,5188639,Purchase intenders,We define these users as those who who are most likely to purchase clothing/fashion products during Black Friday,Who are most likely to purchase clothing/fashion products during Black Friday,ap_x 17485,,,purchase-intenders
Black Friday - Cosmetics/Personal Care Product Purchasers,AP,1855942,Purchase intenders,We define these users as those who who are most likely to purchase Cosmerics/Personal Care producst during Black Friday,Who are most likely to purchase Cosmerics/Personal Care producst during Black Friday,ap_x 17482,,,purchase-intenders
Black Friday - Homeware Purchasers,AP,7299498,Purchase intenders,We define these users as those who who are most likely to purchase homeware products during Black Friday,Who are most likely to purchase homeware products during Black Friday,ap_x 17483,,,purchase-intenders
Christmas cards/gifts - The Royal Mail Users,AP,23882006,Purchase intenders,We define these users as those who who plan to send Christmas greeting cards or gifts via The Royal Mail,Who plan to send Christmas greeting cards or gifts via The Royal Mail,ap_x 17491,,,purchase-intenders
Holidays - Vacation rentals,AP,8951410,Purchase intenders,"We define these users as those who who typically prefer to stay at vacation rentals (e.g. Airbnb, Vrbo) during their holidays","Who typically prefer to stay at vacation rentals (e.g. Airbnb, Vrbo) during their holidays",ap_x 17490,,,purchase-intenders
Gifters - Gaming,AP,1942408,Purchase intenders,"We define these users as those who buy gaming products for special ocassions (e.g. Christmas, Birthdays, Mother's day, etc.)","Buy gaming products for special ocassions (e.g. Christmas, Birthdays, Mother's day, etc.)",ap_x 17499,,,purchase-intenders
Gifters - Domestic Appliances,AP,1188865,Purchase intenders,"We define these users as those who buy domestic appliances for special ocassions (e.g. Christmas, Birthdays, Mother's day, etc.)","Buy domestic appliances for special ocassions (e.g. Christmas, Birthdays, Mother's day, etc.)",ap_x 17497,,,purchase-intenders
Gifters - Home / DIY,AP,3022680,Purchase intenders,"We define these users as those who buy Home/DIY products for special ocassions (e.g. Christmas, Birthdays, Mother's day, etc.)","Buy Home/DIY products for special ocassions (e.g. Christmas, Birthdays, Mother's day, etc.)",ap_x 17498,,,purchase-intenders
Gifters - Fashion / Clothing,AP,13709350,Purchase intenders,"We define these users as those who buy clothing/fashion products for special ocassions (e.g. Christmas, Birthdays, Mother's day, etc.)","Buy clothing/fashion products for special ocassions (e.g. Christmas, Birthdays, Mother's day, etc.)",ap_x 17496,,,purchase-intenders
Outdoor Workers,AP,10790648,Demographics Custom,We define these users as those who se job requires high mobility levels and/or working outdoors,Se job requires high mobility levels and/or working outdoors,ap_x 17494,,,demographics-custom
News - Social Media,AP,10198461,Demographics Custom,We define these users as those who use Social Media channels to stay up to date on news,Use Social Media channels to stay up to date on news,ap_x 17503,,,demographics-custom
News - E-Mail Newsletters,AP,2788104,Demographics Custom,We define these users as those who use E-Mail Newsletters to stay up to date on news,Use E-Mail Newsletters to stay up to date on news,ap_x 17505,,,demographics-custom
News - News APP,AP,8095585,Demographics Custom,We define these users as those who use News APPs to stay up to date on news,Use News APPs to stay up to date on news,ap_x 17506,,,demographics-custom
Train commuters - Business,AP,6577950,Commuters,We define these users as those whotravel by train for business purposes mainly,We define these users as those whotravel by train for business purposes mainly,ap_x 17510,,,commuters
Train commuters - Leisure,AP,30445217,Commuters,We define these users as those who travel by train for leisure purposes mainly,Travel by train for leisure purposes mainly,ap_x 17509,,,commuters
Gaming - E Sports Fans,AP,839906,Interest,We define these users as those who follow E-sports teams or players on social media,Follow E-sports teams or players on social media,ap_x 17523,,,interest
Gaming - Action/Adventure,AP,7092262,Interest,"We define these users as those gamers whosefavourite videogrames genre is ""Action/Adventure""","We define these users as those gamers whosefavourite videogrames genre is ""Action/Adventure""",ap_x 17536,,,interest
Gaming - Sports,AP,7418933,Interest,"We define these users as those gamers whosefavourite videogrames genre is ""Sports""","We define these users as those gamers whosefavourite videogrames genre is ""Sports""",ap_x 17535,,,interest
Transport - Personal Vehicle,AP,20971367,Commuters,"We define these users as those who selected ""Personal Vehicle"" as their preferred way to travel to work, school or other events","Selected ""Personal Vehicle"" as their preferred way to travel to work, school or other events",ap_x 17531,,,commuters
Transport - Walkers,AP,4953414,Commuters,"We define these users as those who selected ""Walking"" as their preferred way to travel to work, school or other events","Selected ""Walking"" as their preferred way to travel to work, school or other events",ap_x 17530,,,commuters
Gaming - 12 hrs x week+,AP,3063847,Interest,"We define these users as those who play videogames more than 2 hours per session and, at least 3 sessions a week","Play videogames more than 2 hours per session and, at least 3 sessions a week",ap_x 17539,,,interest
Gaming - Influencers Followers,AP,2745192,Interest,We define these users as those who follow gaming influencers on social media,Follow gaming influencers on social media,ap_x 17545,,,interest
Gaming - Social Media followers,AP,14149794,Interest,We define these users as those who typically discover new gaming content via Social Media,Typically discover new gaming content via Social Media,ap_x 17543,,,interest
Gaming - Improved Graphics/Tech purchase led,AP,18068908,Interest,We define these users as those who feel motivated to buy new gaming hardware to keep up with improvements on graphics and technology,Feel motivated to buy new gaming hardware to keep up with improvements on graphics and technology,ap_x 17542,,,interest
Gaming - Regular games/hardware purchasers,AP,8538538,Interest,We define these users as those who buy videogames or hardware at least once every few months,Buy videogames or hardware at least once every few months,ap_x 17541,,,interest
Gaming- Annual Budget >=£250,AP,2073229,Interest,We define these users as those who annually spend at least £250 on gaming products,Annually spend at least £250 on gaming products,ap_x 17540,,,interest
New Coffee Machine Intenders,AP,4236836,Food & Drink,We define these users as those who currently own a coffee machine at home but are considering buying a new one,Currently own a coffee machine at home but are considering buying a new one,ap_x 17558,,,food-drink
Manual Coffee Machine Owners/Intenders,AP,7236707,Food & Drink,We define these users as those who own or are planning to buy a manual coffee machine,Own or are planning to buy a manual coffee machine,ap_x 17556,,,food-drink
Automatic Coffee Machine Owners/Intenders,AP,18093402,Food & Drink,We define these users as those who own or are planning to buy an automatic coffee machine,Own or are planning to buy an automatic coffee machine,ap_x 17555,,,food-drink
LifeStage - Getting Married/Expecting First Child,AP,6906826,Demographics Custom,"We define these users as those who are planning to get married, have entered a long-term relationship, have had their first child, or are expecting one","Are planning to get married, have entered a long-term relationship, have had their first child, or are expecting one",ap_x 17554,,,demographics-custom
LifeStage - Moving Flat/House,AP,12578636,Demographics Custom,We define these users as those who are either planning to move or have recently moved houses,Are either planning to move or have recently moved houses,ap_x 17553,,,demographics-custom
LifeStage -Starting New Job/Business,AP,10021289,Demographics Custom,"We define these users as those who have started a new business, secured a new job, or plan to do so","Have started a new business, secured a new job, or plan to do so",ap_x 17552,,,demographics-custom
Parenting - Summer break indoor activities,AP,4811642,Parenting,We define these users as those who typically choose indoor activities to engage with their children during the summer,Typically choose indoor activities to engage with their children during the summer,ap_x 17551,,,parenting
Podcast Listeners,AP,19792668,Arts & Entertainment,We define these users as those who listen to podcasts,Listen to podcasts,ap_x 17559,,,arts-entertainment
Holidays - Hotels & Resorts,AP,12731723,Travel,We define these users as those who typically prefer to stay at Hotels & Resorts during their holidays,Typically prefer to stay at Hotels & Resorts during their holidays,ap_x 17561,,,travel
Amazon - Regular without Prime Subscription,AP,6123638,Purchase intenders,We define these users as those who regularly shop online at Amazon but do not have a Premium Subscription,Regularly shop online at Amazon but do not have a Premium Subscription,ap_x 17525,,,purchase-intenders
Amazon - Regular with Prime Subscription,AP,15250206,Purchase intenders,We define these users as those who regularly shop online at Amazon and have a Premium Subscription,Regularly shop online at Amazon and have a Premium Subscription,ap_x 17524,,,purchase-intenders
Transport - Bicycle,AP,1938345,Commuters,"We define these users as those who selected ""Bicycle"" as their preferred way to travel to work, school or other events","Selected ""Bicycle"" as their preferred way to travel to work, school or other events",ap_x 17529,,,commuters
ULEZ-Non compliant car owners,AP,12994251,Auto,"We define these users as those who own a car but either they don't know if its ULEZ compliant or not, or they know their car is not ULEZ compliant","Own a car but either they don't know if its ULEZ compliant or not, or they know their car is not ULEZ compliant",ap_x 17528,,,auto
Tradesmen - Construction/Building,AP,11550247,Demographics - employment,"We define these users as those who work in the building industry either as Specifier (architet, project manager, developer, etc), Painter/Decorator or General Tradesman (plumber, builder, pasterer, etc)","Work in the building industry either as Specifier (architet, project manager, developer, etc), Painter/Decorator or General Tradesman (plumber, builder, pasterer, etc)",ap_x 17527,,,demographics-employment
Amazon - Occasional Customers,AP,7070091,Purchase intenders,We define these users as those who occasionally shop online at Amazon,Occasionally shop online at Amazon,ap_x 17526,,,purchase-intenders
Frequent Cinema Goers,AP,10732830,Arts & Entertainment,We define these users as those who go to the cinema at least once a month,Go to the cinema at least once a month,ap_x 17597,,,arts-entertainment
LifeStage - Getting Married/Expecting First Child,AP,6906826,LifeStage,We define these users as those who are planning or have recently got married/enter in a long-term relationship or having their first child,Are planning or have recently got married/enter in a long-term relationship or having their first child,ap_x 17554,,,lifestage
First-Time Home Owners,AP,1145300,Home,We define these users as those who are first-time home owners,Are first-time home owners,ap_x 17628,,,home
Gym/Club membership users,AP,10346329,Fitness,We define these users as those who has a gym/club membership,Has a gym/club membership,ap_x 17592,,,fitness
Fitness - Services and Apps subscribers,AP,4116277,Fitness,We define these users as those who are subscribed to fitness services and apps,Are subscribed to fitness services and apps,ap_x 17629,,,fitness
No children in the household,AP,13387442,Demographic Custom,We define these users as those who has no children living in the household,Has no children living in the household,ap_x 16536,,,demographic-custom
LifeStage - Getting Divorced / Ending long-term rel.,AP,3892804,LifeStage,We define these users as those who have recently or are planning to get divorced or end a long-term relationshoip,Have recently or are planning to get divorced or end a long-term relationshoip,ap_x 17630,,,lifestage
John Lewis - Home Decor Shoppers,AP,10039944,Purchase intenders,We define these users as those who shop for home décor from John Lewis.,Shop for home décor from John Lewis.,ap_x 17613,,,purchase-intenders
Family Cinema Goers,AP,5584506,Parenting,We define these users as those who have families they go to the cinema with.,Have families they go to the cinema with.,ap_x 17595,,,parenting
Gym/Club goers,AP,30069882,Fitness,We define these users as those who go to the gym or to a club.,Go to the gym or to a club.,ap_x 17609,,,fitness
Health & Wellbeing Podcast Listener,AP,7124510,Sports,We define these users as those who listen to health & wellbeing podcasts.,Listen to health & wellbeing podcasts.,ap_x 17593,,,sports
Primary Working Location - Office,AP,8338478,Working Location,We define these users as those who primarily work in an office location.,Primarily work in an office location.,ap_x 17750,,,working-location
Employment - Middle Management Level,AP,1665019,Employment,We define these users as those who whose employment level is middle management.,Whose employment level is middle management.,ap_x 17385,,,employment
Amazon Shoppers,AP,24338460,Retail,We define these users as those who frequently shop at Amazon.,Frequently shop at Amazon.,ap_x 17611,,,retail
Argos décor & furniture shoppers,AP,1873108,Retail,We define these users as those who shop for décor & furniture at Argos.,Shop for décor & furniture at Argos.,ap_x 17614,,,retail
Ikea décor & furniture shoppers,AP,14836324,Retail,We define these users as those who shop for décor & furniture at Ikea.,Shop for décor & furniture at Ikea.,ap_x 17615,,,retail
Marks & Spencer shoppers,AP,6586476,Retail,We define these users as those who shop at Marks & Spencers.,Shop at Marks & Spencers.,ap_x 17616,,,retail
Tesco ClubCard Members,AP,21721174,Retail,We define these users as those who owners of a Tesco ClubCard.,Owners of a Tesco ClubCard.,ap_x 17618,,,retail
Gaming - Steam Players,AP,6973430,Gaming,We define these users as those who are subscribed to Steam.,Are subscribed to Steam.,ap_x 17622,,,gaming
Online Shoppers (all categories),AP,19027726,Retail,We define these users as those who make most of their purchases online.,Make most of their purchases online.,ap_x 17623,,,retail
Supermarket Preference - Best quality of food/products,AP,14223546,Retail,We define these users as those who believe that the most important factor in a supermarket is the quality of the food/products.,Believe that the most important factor in a supermarket is the quality of the food/products.,ap_x 17624,,,retail
Non-Online Shoppers,AP,15456857,Retail,We define these users as those who do not make most of their purchases online.,Do not make most of their purchases online.,ap_x 17625,,,retail
Tesco Shoppers - Clubcard Plus Members,AP,1221922,Retail,We define these users as those who are ClubCard Plus members.,Are ClubCard Plus members.,ap_x 17626,,,retail
News - News TV Channels,AP,13153354,News,We define these users as those who use News TV channels to stay up to date on news.,Use News TV channels to stay up to date on news.,ap_x 17627,,,news
Fitness - Personal trainer / Private Classes,AP,2085794,Fitness,We define these users as those who invest in their fitness by having a personal trainer or attend private classes.,Invest in their fitness by having a personal trainer or attend private classes.,ap_x 17631,,,fitness
Shell Customers - NEW,AP,4731226,Energy,We define these users as those who typically use Shell brand fuel.,Typically use Shell brand fuel.,ap_x 17642,,,energy
Shell - Competitors Buyers,AP,10746954,Energy,"We define these users as those who typically purchase fuel from Shell's competitor's (e.g. BP, Esso etc.)","Typically purchase fuel from Shell's competitor's (e.g. BP, Esso etc.)",ap_x 17644,,,energy
Fuel - Price Sensitive Customers,AP,13986570,Energy,We define these users as those who typically purchase the cheapest available fuel option.,Typically purchase the cheapest available fuel option.,ap_x 17645,,,energy
Shell V-Power Customers - NEW,AP,2195285,Energy,We define these users as those who frequently purchase Shell V-Power fuel.,Frequently purchase Shell V-Power fuel.,ap_x 17646,,,energy
Fashion/Clothing - Department stores shoppers,AP,5429901,Retail,We define these users as those who primarily buy their fashion/clothing from department stores.,Primarily buy their fashion/clothing from department stores.,ap_x 17647,,,retail
Nintendo Switch Online (NSO) Subscribers,AP,2077079,Gaming,We define these users as those who are subscribed to Nintendo Switch Online.,Are subscribed to Nintendo Switch Online.,ap_x 17654,,,gaming
Nintendo Switch Considerers,AP,5837113,Gaming,We define these users as those who are considering purchasing a Nintendo Switch.,Are considering purchasing a Nintendo Switch.,ap_x 17655,,,gaming
Cruise Trip Considerers,AP,3711760,Travel,We define these users as those who are considering a going on a cruise trip in the next 12 months.,Are considering a going on a cruise trip in the next 12 months.,ap_x 17658,,,travel
Rental Vehicle Considerers,AP,7955319,Auto,We define these users as those who are considering a renting a car or van in the next 12 months.,Are considering a renting a car or van in the next 12 months.,ap_x 17659,,,auto
Kids/Babies - Department Stores Shoppers,AP,3714067,Retail,We define these users as those who who primarily buy products for their kids/babies from department stores.,Who primarily buy products for their kids/babies from department stores.,ap_x 17661,,,retail
Sainsbury's Shoppers - Nectar Members,AP,16335063,Retail,We define these users as those who own a Sainsbury's Nectar card.,Own a Sainsbury's Nectar card.,ap_x 17662,,,retail
Department Stores - John Lewis Shoppers,AP,9043983,Retail,We define these users as those who frequently shop at John Lewis.,Frequently shop at John Lewis.,ap_x 17666,,,retail
Mark & Spencer Shoppers,AP,26957248,Retail,We define these users as those who frequently shop at Marks & Spencer.,Frequently shop at Marks & Spencer.,ap_x 17668,,,retail
Lawn Mowers - Cordless Intenders,AP,10655310,Purchase intenders,We define these users as those who intend to purchase a cordless lawn mower in the next 12 months.,Intend to purchase a cordless lawn mower in the next 12 months.,ap_x 17672,,,purchase-intenders
Gaming - Frequent Pre Sale Game Purchasers,AP,624320,Gaming,We define these users as those who frequently buy video games during the pre-sale.,Frequently buy video games during the pre-sale.,ap_x 17674,,,gaming
Cash ISA users,AP,16096157,Finance,We define these users as those who have a Cash ISA.,Have a Cash ISA.,ap_x 17676,,,finance
Standard/Basic current account users,AP,16048764,Finance,We define these users as those who primarily use a standard/basic current account for everyday banking needs.,Primarily use a standard/basic current account for everyday banking needs.,ap_x 17677,,,finance
Dual Banker (Traditional & Online-Only Accounts),AP,4693889,Finance,We define these users as those who own both a traditional and online-only banking account.,Own both a traditional and online-only banking account.,ap_x 17678,,,finance
Electric Lawn Mowers Considerers,AP,4008052,Retail,We define these users as those who are considering purchasing an electric lawn mower in the next 12 months.,Are considering purchasing an electric lawn mower in the next 12 months.,ap_x 17679,,,retail
Cordless Lawn Mowers Considerers,AP,10655310,Retail,We define these users as those who are considering purchasing a cordless lawn mower in the next 12 months.,Are considering purchasing a cordless lawn mower in the next 12 months.,ap_x 17680,,,retail
Bank-switch Intender,AP,1828276,Finance,We define these users as those who intend to switch to a different bank.,Intend to switch to a different bank.,ap_x 17681,,,finance
Ocado Shoppers,AP,6642711,Retail,We define these users as those who shop at Ocado.,Shop at Ocado.,ap_x 17687,,,retail
Frequent Eco-Friendly & Sustainable Shoppers,AP,8482643,Retail,We define these users as those who frequently choose products that are labelled as eco-friendly or sustainable.,Frequently choose products that are labelled as eco-friendly or sustainable.,ap_x 17688,,,retail
Gaming - Strategy,AP,7778519,Gaming,We define these users as those who enjoy strategy games the most.,Enjoy strategy games the most.,ap_x 17689,,,gaming
Natwest Customers for Personal Banking Needs,AP,4096732,Finance,We define these users as those who use Natwest for their personal banking needs.,Use Natwest for their personal banking needs.,ap_x 17691,,,finance
Lloyds Customers for Personal Banking Needs,AP,5770450,Finance,We define these users as those who use Lloyd's for their personal banking needs.,Use Lloyd's for their personal banking needs.,ap_x 17692,,,finance
Barclays Customers for Personal Banking Needs,AP,4185358,Finance,We define these users as those who use Barclays for their personal banking needs.,Use Barclays for their personal banking needs.,ap_x 17693,,,finance
Premium/Paid Bank Account Users,AP,1576290,Finance,We define these users as those who primarily use a premium/paid bank account for everyday banking.,Primarily use a premium/paid bank account for everyday banking.,ap_x 17694,,,finance
Online-Only Banking Customers as Primary Account,AP,291747,Finance,We define these users as those who primarily use an online-only banking account.,Primarily use an online-only banking account.,ap_x 17695,,,finance
Undecided Pension Access Intender,AP,1628766,Finance,We define these users as those who are considering accessing their pension but have not made a final decision.,Are considering accessing their pension but have not made a final decision.,ap_x 17696,,,finance
Renters - Home Contents Insurance Owners,AP,16603826,Home,We define these users as those who have home contents insurance cover.,Have home contents insurance cover.,ap_x 17697,,,home
Fashion Followers,AP,2417024,Fashion,We define these users as those who follow fashion trends.,Follow fashion trends.,ap_x 17698,,,fashion
BT Broadband Customers,AP,8253262,Broadband,We define these users as those who are BT broadband customers.,Are BT broadband customers.,ap_x 17699,,,broadband
Virgin Media Broadband Customers,AP,5195617,Broadband,We define these users as those who are Virgin Media broadband customers.,Are Virgin Media broadband customers.,ap_x 17700,,,broadband
Sky Broadband Customers,AP,7224723,Broadband,We define these users as those who are Sky broadband customers.,Are Sky broadband customers.,ap_x 17701,,,broadband
EE Broadband Customers,AP,1509765,Broadband,We define these users as those who are EE broadband customers.,Are EE broadband customers.,ap_x 17702,,,broadband
Talk Talk Broadband Customers,AP,1478006,Broadband,We define these users as those who are Talk Talk broadband customers.,Are Talk Talk broadband customers.,ap_x 17703,,,broadband
Comedy Podcast Listeners,AP,11521078,Arts & Entertainment,We define these users as those who listen to comedy podcasts.,Listen to comedy podcasts.,ap_x 17706,,,arts-entertainment
Traditional-Only Bank Account Holders,AP,4354643,Finance,We define these users as those who only use a traditonal bank account.,Only use a traditonal bank account.,ap_x 17707,,,finance
Nationwide Customers for Personal Banking Needs,AP,3624442,Finance,We define these users as those who use Nationwide for their personal banking needs.,Use Nationwide for their personal banking needs.,ap_x 17708,,,finance
HSBC Customers for Personal Banking Needs,AP,935020,Finance,We define these users as those who use HSBC for their personal banking needs.,Use HSBC for their personal banking needs.,ap_x 17709,,,finance
Stocks and Shares ISA Users,AP,1344665,Finance,We define these users as those who have a stocks and shares ISA.,Have a stocks and shares ISA.,ap_x 17711,,,finance
Parenting - Summer Break Outdoor Activities,AP,16626061,Parenting,We define these users as those who typically engage in outdoor activities with their children during the summer holidays.,Typically engage in outdoor activities with their children during the summer holidays.,ap_x 17713,,,parenting
Parenting - Summer Break Museum or Exhibition Visitors,AP,35817,Parenting,We define these users as those who typically visit museums or exhibitions with their children during the summer holidays.,Typically visit museums or exhibitions with their children during the summer holidays.,ap_x 17713,,,parenting
Parenting - Summer Break Sports or Recreational Activity Participants,AP,1126551,Parenting,We define these users as those who typically enagage in sports or recreational activities with their children during the summer holidays.,Typically enagage in sports or recreational activities with their children during the summer holidays.,ap_x 17715,,,parenting
Jaguar Land Rover - Car Considerers,AP,9375542,Auto,We define these users as those who buying a Jaguar Land Rover.,Buying a Jaguar Land Rover.,ap_x 17716,,,auto
Luxury Car Intenders,AP,1806662,Auto,We define these users as those who are planning on buying a luxury car in the next 2 years.,Are planning on buying a luxury car in the next 2 years.,ap_x 17717,,,auto
Gaming - 2hrs+ per session,AP,4123059,Gaming,We define these users as those who game for 2 hours and up during each gaming session.,Game for 2 hours and up during each gaming session.,ap_x 17718,,,gaming
Buying New Smartphone Intend After Current Phone Stops Working,AP,21388750,Auto,We define these users as those who are most likely buy a new smartphone when their current one stops working.,Are most likely buy a new smartphone when their current one stops working.,ap_x 17720,,,auto
Handheld Gaming Device Fans,AP,14468931,Gaming,We define these users as those who enjoy using handheld gaming devices.,Enjoy using handheld gaming devices.,ap_x 17721,,,gaming
Gaming - Video Games Adaptations to Tv Shows (vice versa) Fans,AP,7419177,Gaming,We define these users as those who generally enjoy screen adaptaions of games and vice versa.,Generally enjoy screen adaptaions of games and vice versa.,ap_x 17724,,,gaming
Garden Centre Shopping Preference for Gardening Products,AP,24677231,Gardening,We define these users as those who usually shop for gardening products at garden centres.,Usually shop for gardening products at garden centres.,ap_x 17725,,,gardening
Car Preference - Practicality,AP,22497327,Auto,We define these users as those who believe practicality is the most important factor when choosing a car.,Believe practicality is the most important factor when choosing a car.,ap_x 17727,,,auto
Road Trip Goers,AP,5215012,Travel,We define these users as those who usually go on road trips when doing a getaway.,Usually go on road trips when doing a getaway.,ap_x 17728,,,travel
"Cash ISA, Stocks and Shares ISA Users",AP,2615599,Finance,We define these users as those who have both a cash and stocks and shares ISA.,Have both a cash and stocks and shares ISA.,ap_x 17729,,,finance
"Life Approach - Flexible, Adaptive and Resilient",AP,5568241,Life Approach,"We define these users as those who approach life with flexibility, navigating challenges as they come and focusing on making the best of every situation.","Approach life with flexibility, navigating challenges as they come and focusing on making the best of every situation.",ap_x 17731,,,life-approach
Gaming - Strong Preference for Free-to-Play Games,AP,25254195,Gaming,We define these users as those who strongly prefer free-to-play games.,Strongly prefer free-to-play games.,ap_x 17732,,,gaming
Changing Mobile Service or Broadband Intenders,AP,3880471,Broadband,We define these users as those who are considering changing their mobile service or broadband provider.,Are considering changing their mobile service or broadband provider.,ap_x 17735,,,broadband
Buying New Smart Phone Intend During Sales or Discounts,AP,3724144,Retail,We define these users as those who are most likely buy a new smartphone when there are sales or a discounted price.,Are most likely buy a new smartphone when there are sales or a discounted price.,ap_x 17737,,,retail
Gardening Products Purchase at DIY/Home Furniture Retailer,AP,6344445,Gardening,We define these users as those who are most likely to purchase gardening products from a DIY/home furniture retailer.,Are most likely to purchase gardening products from a DIY/home furniture retailer.,ap_x 17739,,,gardening
Gardening Item Purchase Intent - Materials for DIY gardening projects,AP,17291801,Gardening,We define these users as those who intend to buy materials for DIY gardening projects.,Intend to buy materials for DIY gardening projects.,ap_x 17740,,,gardening
Car Preference - Freedom and Excitement,AP,4831320,Auto,"We define these users as those who believe that the most important factor when choosing a car is something that allows you to go wherever you want, whenever you want.","Believe that the most important factor when choosing a car is something that allows you to go wherever you want, whenever you want.",ap_x 17741,,,auto
Gardening Item Purchase Intent - Garden Furniture,AP,6016706,Gardening,We define these users as those who intend to purchase gardening furniture.,Intend to purchase gardening furniture.,ap_x 17742,,,gardening
Octopus Energy Customers,AP,12713618,Energy,We define these users as those who are Octopus energy cutomers.,Are Octopus energy cutomers.,ap_x 17743,,,energy
British Gas Customers,AP,5239655,Energy,We define these users as those who are British Gas customers.,Are British Gas customers.,ap_x 17744,,,energy
EDF Energy Customers,AP,6916407,Energy,We define these users as those who are EDF Energy customers.,Are EDF Energy customers.,ap_x 17745,,,energy
Life Approach - Embracing the moment and Present-Focused,AP,5873375,Life Approach,We define these users as those who prefer to embrace the moment and not over-think the future.,Prefer to embrace the moment and not over-think the future.,ap_x 17746,,,life-approach
Home Insurance (Buildings or Contents) Owners,AP,4425001,Insurance.,We define these users as those who have home insurance (building or contents).,Have home insurance (building or contents).,ap_x 17747,,,insurance
Supermarket Preference - Low Price,AP,4329782,Retail,We define these users as those who prefer to go to supermarkets with cheaper products.,Prefer to go to supermarkets with cheaper products.,ap_x 17748,,,retail
Life Approach - Life Seizers,AP,16601057,Retail,"We define these users as those who embrace the moment and approach life with flexibility, navigating challenges as they come.","Embrace the moment and approach life with flexibility, navigating challenges as they come.",ap_x 17749,,,retail
Car Preference - Safety,AP,8114065,Auto,We define these users as those who prefer a car that can keep themselves and their loves ones safe.,Prefer a car that can keep themselves and their loves ones safe.,ap_x 17751,,,auto
Gardening Item Purchase Intent - Non-powered gardening tools,AP,4089423,Gardening,We define these users as those who who itend to buy non-powered gardening tools.,Who itend to buy non-powered gardening tools.,ap_x 17752,,,gardening
Art & Entertainment Podcast Listeners,AP,4649369,Arts & Entertainment,We define these users as those who listen to art & entertainment podcasts.,Listen to art & entertainment podcasts.,ap_x 17753,,,arts-entertainment
Car Preference - Performance,AP,2662642,Auto,We define these users as those who believe performance is the important factor in a car.,Believe performance is the important factor in a car.,ap_x 17754,,,auto
Rugged Car Fans,AP,18975647,Auto,We define these users as those who are fans of rugged cars.,Are fans of rugged cars.,ap_x 17755,,,auto
Own Basic Gym Equipment,AP,19774621,Fitness,We define these users as those who own basic gym equipment such as dumbbells.,Own basic gym equipment such as dumbbells.,ap_x 17756,,,fitness
Own Cardio Equipment,AP,6180583,Auto,We define these users as those who own cardio equipment such as a treadmill.,Own cardio equipment such as a treadmill.,ap_x 17757,,,auto
Home Gym Owners,AP,19570559,Fitness,We define these users as those who have a fully equipped home gym.,Have a fully equipped home gym.,ap_x 17758,,,fitness
SUV Car Owners,AP,13350885,Auto,We define these users as those who own an SUV car.,Own an SUV car.,ap_x 17759,,,auto
Life Approach - Values Driven and Meaningful Connections,AP,3894564,Life Approach,"We define these users as those who prioritise living in alignment with their values, focus on meaningful connections and personal growth.","Prioritise living in alignment with their values, focus on meaningful connections and personal growth.",ap_x 17761,,,life-approach
Gardening Item Purchase Intent - Barbeques or pizza ovens,AP,4330905,Gardening,We define these users as those who intend to buy barbecues or pizza ovens.,Intend to buy barbecues or pizza ovens.,ap_x 17762,,,gardening
Heinz & Hellmann’s Table or BBQ Sauce Preference,AP,8159232,Food & Drink,We define these users as those who usually buy Heinz or Hellman's brand of bbq or table sauces.,Usually buy Heinz or Hellman's brand of bbq or table sauces.,ap_x 17764,,,food-drink
Online-Only Retailers Shopping Preference for Gardening Products,AP,1786319,Gardening,We define these users as those who usually purchase gardening items online.,Usually purchase gardening items online.,ap_x 17765,,,gardening
Gardening Item Purchase Intent - Garden Sheds,AP,2896385,Gardening,We define these users as those who intend to purchase a garden shed.,Intend to purchase a garden shed.,ap_x 17766,,,gardening
Magnum Ice Cream Sticks,AP,27373180,Food & Drink,We define these users as those who like Magnum's brand of ice cream sticks the most.,Like Magnum's brand of ice cream sticks the most.,ap_x 17767,,,food-drink
Haagen-Dazs Ice Cream Sticks,AP,8741583,Food & Drink,We define these users as those who like Haagen-Dazs brand of ice cream sticks the most.,Like Haagen-Dazs brand of ice cream sticks the most.,ap_x 17768,,,food-drink
"Life, Health and Travel Insurance Holders",AP,129043,Insurance.,"We define these users as those who life, health and travel insurance.","Life, health and travel insurance.",ap_x 17769,,,insurance
Platformer Games Fans,AP,4778326,Gaming,We define these users as those who enjoy platformer games the most.,Enjoy platformer games the most.,ap_x 17771,,,gaming
Considering Switching Energy Provider in 3 Months,AP,7010425,Energy,We define these users as those who are considering switching energy provider in the next 3 months.,Are considering switching energy provider in the next 3 months.,ap_x 17772,,,energy
Hellmann's Table or BBQ Sauce Preference,AP,6944965,Food & Drink,We define these users as those who have a preference for Hellman's brand of bbq or table sauce.,Have a preference for Hellman's brand of bbq or table sauce.,ap_x 17773,,,food-drink
Political Podcast Listeners,AP,4183771,Arts & Entertainment,We define these users as those who listen to political podcasts.,Listen to political podcasts.,ap_x 17774,,,arts-entertainment
Heinz Table or BBQ Sauce Preference,AP,7108417,Food & Drink,We define these users as those who prefer the Heinz brand of bbq or table sauces.,Prefer the Heinz brand of bbq or table sauces.,ap_x 17775,,,food-drink
Solo Travel,AP,5054057,Travel,We define these users as those who have been on holiday on their own or as a part of a group of people they did not know or are planning to do so someday.,Have been on holiday on their own or as a part of a group of people they did not know or are planning to do so someday.,ap_x 17776,,,travel
Scottish Power Customers,AP,2715647,Energy,We define these users as those who are Scottish Power customers.,Are Scottish Power customers.,ap_x 17777,,,energy
ISA Considerers,AP,584445,Finance,We define these users as those who are considering opening an ISA.,Are considering opening an ISA.,ap_x 17778,,,finance
Non-Heinz Preference,AP,11698639,Food & Drink,We define these users as those who prefer non-heinz branded table sauces.,Prefer non-heinz branded table sauces.,ap_x 17779,,,food-drink
Life Insurance Switch Intenders in 3 months,AP,2199900,Insurance.,We define these users as those who intend on switching life insurance provider in the next 3 months.,Intend on switching life insurance provider in the next 3 months.,ap_x 17780,,,insurance
Life Approach - Success Driven,AP,361015,Life Approach,"We define these users as those who are driven to achieve success, constantly striving to improve themselves and work towards clear goals.","Are driven to achieve success, constantly striving to improve themselves and work towards clear goals.",ap_x 17781,,,life-approach
Considering Visa/Working Abroad,AP,6591374,Work,We define these users as those who are consdidering applying for a VISA or working abroad.,Are consdidering applying for a VISA or working abroad.,ap_x 17782,,,work
Holidays - Looking Forward to Food,AP,1924866,Travel,We define these users as those who look forward to the food the most when going on holiday.,Look forward to the food the most when going on holiday.,ap_x 17783,,,travel
Car Preference - Status,AP,1539266,Auto,We define these users as those who believe status is the most important factor in a car.,Believe status is the most important factor in a car.,ap_x 17785,,,auto
DIY Car Care Enthusiasts,AP,8376707,Auto,We define these users as those who enjoy car care as a hobby and take pride and keeping their car looking its best.,Enjoy car care as a hobby and take pride and keeping their car looking its best.,ap_x 17786,,,auto
Supermarket Shopping Preference for Gardening Products,AP,3244640,Gardening,We define these users as those who prefer to shop for gardening products at supermarkets.,Prefer to shop for gardening products at supermarkets.,ap_x 17787,,,gardening
Gym Membership Considerers,AP,2033129,Fitness,We define these users as those who are considering purchasing a gym membership.,Are considering purchasing a gym membership.,ap_x 17791,,,fitness
Black Friday/Christmas Purchase Method - Credit Card,AP,2121155,Black Friday/Christmas,We define these users as those who purchase Black Friday/Christmas gifts with a credit card.,Purchase Black Friday/Christmas gifts with a credit card.,ap_x 17793,,,black-friday-christmas
Black Friday/Christmas Purchase Method - Debit Card,AP,5786134,Black Friday/Christmas,We define these users as those who purchase Black Friday/Christmas gifts with a debit card.,Purchase Black Friday/Christmas gifts with a debit card.,ap_x 17794,,,black-friday-christmas
Gardening - As Favourite Hobby and Active Lifestyle,AP,24494726,Gardening,We define these users as those who approach gardening as a hobby and to help with keeping active.,Approach gardening as a hobby and to help with keeping active.,ap_x 17797,,,gardening
Supermarket Preference - Convenience,AP,1520381,Retail,"We define these users as those who prefer supermarkets that are convenient (location, parking space, opening hours etc.)","Prefer supermarkets that are convenient (location, parking space, opening hours etc.)",ap_x 17798,,,retail
Supermarket Preference - Variety of products,AP,608442,Retail,We define these users as those who prefer supermarkets with a variety of products.,Prefer supermarkets with a variety of products.,ap_x 17799,,,retail
Remote Workers,AP,21634460,Working Location,We define these users as those who primarily work remotely.,Primarily work remotely.,ap_x 17800,,,working-location
Skincare Approach - Prioritise Convenience,AP,14338298,Beauty/cosmetics,We define these users as those who use basic skincare products and prioritise convenience and affordability.,Use basic skincare products and prioritise convenience and affordability.,ap_x 17803,,,beauty-cosmetics
MMO Games Fans,AP,2779062,Gaming,We define these users as those who enjoy MMO games the most.,Enjoy MMO games the most.,ap_x 17804,,,gaming
Tech Gift Intenders for Father's Day,AP,14600926,Gifting,We define these users as those who plan on purchasing a tech product as a gift for Father's Day.,Plan on purchasing a tech product as a gift for Father's Day.,ap_x 17805,,,gifting
Skincare as a Practical Necessity,AP,16247978,Beauty/cosmetics,We define these users as those who view skincare as a practical neccesity.,View skincare as a practical neccesity.,ap_x 17806,,,beauty-cosmetics
Glasses - Trusting Traditionalists,AP,5927888,Glasses,We define these users as those who have been wearing glasses for a long time and trust opticians who provide thorough eye tests and honest advice.,Have been wearing glasses for a long time and trust opticians who provide thorough eye tests and honest advice.,ap_x 17807,,,glasses
Skincare Approach - Have a routine and Influenced by trends,AP,6429443,Beauty/cosmetics,We define these users as those who have a skincare routine and enjoy trying new products but don’t consider themselves an expert. They are influenced by social media trends and recommendations.,Have a skincare routine and enjoy trying new products but don’t consider themselves an expert. They are influenced by social media trends and recommendations.,ap_x 17814,,,beauty-cosmetics
Glasses - Experience Lovers,AP,9825369,Glasses,We define these users as those who feel confident and stylish in their glasses and look for opiticians with a wide variety of design brands and great customer service.,Feel confident and stylish in their glasses and look for opiticians with a wide variety of design brands and great customer service.,ap_x 17815,,,glasses
Skincare as Enjoyment and Experience,AP,3112831,Beauty/cosmetics,"We define these users as those who enjoy beauty and self-care, but also like exploring new trends and experiences.","Enjoy beauty and self-care, but also like exploring new trends and experiences.",ap_x 17816,,,beauty-cosmetics
Peanut Butter Brand Preference - Whole Earth,AP,13043284,Food & Drink,We define these users as those who prefer to buy the 'Whole Earth' brand of peanut butter.,Prefer to buy the 'Whole Earth' brand of peanut butter.,ap_x 17817,,,food-drink
Changing Gym Considerers,AP,4196368,Fitness,We define these users as those who are considering changing their gym.,Are considering changing their gym.,ap_x 17824,,,fitness
Gardening as a chore,AP,2345125,Gardening,"We define these users as those who view gardening as a chore and do it for the results, not the enjoyment.","View gardening as a chore and do it for the results, not the enjoyment.",ap_x 17825,,,gardening
Dietary change - Actively making diet healthier in the last 12 months,AP,8884249,Health,We define these users as those who have actively made their diet healthier in the last 12 months.,Have actively made their diet healthier in the last 12 months.,ap_x 17826,,,health
Educational Podcast Listeners,AP,6489846,Arts & Entertainment,We define these users as those who primarily listen to educational podcasts.,Primarily listen to educational podcasts.,ap_x 17829,,,arts-entertainment
Airport Choice for Travel - Heathrow,AP,14296650,Travel,We define these users as those who prefer to use Heathrow airport when travelling.,Prefer to use Heathrow airport when travelling.,ap_x 17831,,,travel
Airport Choice for Travel - Gatwick,AP,6633991,Travel,We define these users as those who prefer to use Gatwick airport when travelling.,Prefer to use Gatwick airport when travelling.,ap_x 17832,,,travel
Car Preference - Sustainability & Environmental Impact,AP,8417865,Auto,We define these users as those who believe environmental impact is the most important factor when choosing a car.,Believe environmental impact is the most important factor when choosing a car.,ap_x 17833,,,auto
Car Preference - Size & Space,AP,6833063,Auto,We define these users as those who believe size and space are the most important factors when choosing a car.,Believe size and space are the most important factors when choosing a car.,ap_x 17834,,,auto
Car Preference - Economy (Running Costs),AP,6204226,Auto,We define these users as those who believe that econimical running costs is the most important factor when choosing a car.,Believe that econimical running costs is the most important factor when choosing a car.,ap_x 17835,,,auto
Car Preference - Price,AP,8850523,Auto,We define these users as those who believe that price is the most important factor when choosing a car.,Believe that price is the most important factor when choosing a car.,ap_x 17836,,,auto
EV/Hybrid Car Owners,AP,2376144,Auto,We define these users as those who own an EV/hybrid car.,Own an EV/hybrid car.,ap_x 17837,,,auto
Alternative Car Ownership - Car Subscription,AP,7883373,Auto,"We define these users as those who would consider purchasing a car subscription.,","Would consider purchasing a car subscription.,",ap_x 17840,,,auto
Airport Choice for Travel - Stansted,AP,3949160,Travel,We define these users as those who prefer to use Stansted airport when travelling.,Prefer to use Stansted airport when travelling.,ap_x 17841,,,travel
Airport Choice for Travel - Luton,AP,2456596,Travel,We define these users as those who prefer to use Luton aiport when travelling.,Prefer to use Luton aiport when travelling.,ap_x 17842,,,travel
Just Eat Customers,AP,11308403,Food & Drink,We define these users as those who use the Just Eat takeaway delivery service.,Use the Just Eat takeaway delivery service.,ap_x 17847,,,food-drink
Power Tools Users,AP,14314148,DIY,We define these users as those who use power tools in their everyday work or at home.,Use power tools in their everyday work or at home.,ap_x 17849,,,diy
Profession - Gardeners/Landscapers,AP,1903930,Gardening,We define these users as those who who are currently or have in the past worked as a gardener or landscaper,Who are currently or have in the past worked as a gardener or landscaper,ap_x 17850,,,gardening
Dietary change - Reduced Meat Intake or Changes for Sustainability Reason in the last 12 Months,AP,3540339,Food & Drink,We define these users as those who reduced meat intake or made other dietary changes for sustainability reasons.,Reduced meat intake or made other dietary changes for sustainability reasons.,ap_x 17851,,,food-drink
"Wearable Devices Users to Track Diet, Nutrition or Health",AP,11019143,Health,"We define these users as those who wear a device that tracks diet, nutrition or health.","Wear a device that tracks diet, nutrition or health.",ap_x 17860,,,health
"Apps Users to Track Diet, Nutrition or Health",AP,7161786,Health,"We define these users as those who use an app that tracks diet, nutrition or health.","Use an app that tracks diet, nutrition or health.",ap_x 17861,,,health
Peanut Butter Brand Preference - Sun-Pat,AP,2215391,Food & Drink,We define these users as those who prefer to buy the 'Sun-Pat' brand of peanut butter.,Prefer to buy the 'Sun-Pat' brand of peanut butter.,ap_x 17865,,,food-drink
Multiple Streaming Services Subscribers,AP,18033944,Arts & Entertainment,We define these users as those who are subscribed to multiple streaming platforms.,Are subscribed to multiple streaming platforms.,ap_x 17866,,,arts-entertainment
Ballet Fans,AP,2269823,Arts & Entertainment,We define these users as those who are ballet fans.,Are ballet fans.,ap_x 17867,,,arts-entertainment
Regular Linear TV Watchers,AP,22865388,Arts & Entertainment,We define these users as those who regularly watch linear tv.,Regularly watch linear tv.,ap_x 17869,,,arts-entertainment
Apple Laptop Users,AP,5274803,Tech,We define these users as those who use an Apple laptop.,Use an Apple laptop.,ap_x 17872,,,tech
Dietary Change - Considered changes but no actions taken in the last 12 months,AP,3931632,Health,We define these users as those who considered making changes to their diet but have not committed in the last 12 months.,Considered making changes to their diet but have not committed in the last 12 months.,ap_x 17873,,,health
Mood-Based TV/Film Recommendations - Useful,AP,18125741,Arts & Entertainment,We define these users as those who believe that being able to search for film/shows based on current mood would be useful.,Believe that being able to search for film/shows based on current mood would be useful.,ap_x 17876,,,arts-entertainment
Next Customers - Clothes Purchasers,AP,8961312,Retail,We define these users as those who purchase clothes from 'Next'.,Purchase clothes from 'Next'.,ap_x 17877,,,retail
Frequent Railcard Users,AP,11031700,Travel,We define these users as those who are frequent railcard users.,Are frequent railcard users.,ap_x 17878,,,travel
Fashion/Clothing - Chain Stores Shoppers,AP,9601272,Retail,We define these users as those who purchase fashion/clothing from chain stores.,Purchase fashion/clothing from chain stores.,ap_x 17881,,,retail
Lenovo Laptop Users,AP,8085524,Tech,We define these users as those who use a Lenovo laptop.,Use a Lenovo laptop.,ap_x 17882,,,tech
Dell Laptop Users,AP,6777027,Tech,We define these users as those who use a Dell laptop.,Use a Dell laptop.,ap_x 17883,,,tech
Samsung Laptop Users,AP,7714932,Tech,We define these users as those who use a Samsung laptop.,Use a Samsung laptop.,ap_x 17884,,,tech
Dietary Change - Started Using Free-From Products in the Last 12 Months,AP,1294329,Health,We define these users as those who started using 'Free-From' products in the last 12 months.,Started using 'Free-From' products in the last 12 months.,ap_x 17886,,,health
Diet/Nutrition Advice - Trusting Social Media Influencers,AP,1051428,Health,We define these users as those who trust social media influencers for diet/nutrition advice.,Trust social media influencers for diet/nutrition advice.,ap_x 17888,,,health
Comfort Consumer - TV Preferences and Behaviour,AP,7764217,Arts & Entertainment,"We define these users as those who keep up with news and current affairs but also enjoy dramas and documentaries. They prefer familiar, reliable shows they can return to again and again.","Keep up with news and current affairs but also enjoy dramas and documentaries. They prefer familiar, reliable shows they can return to again and again.",ap_x 17889,,,arts-entertainment
Regular Food Box Users such as HelloFresh or Gousto,AP,1229260,Food & Drink,We define these users as those who regularly use food box services such as HelloFresh or Gousto.,Regularly use food box services such as HelloFresh or Gousto.,ap_x 17891,,,food-drink
Value Viewer - TV Preferences and Behaviour,AP,2593908,Arts & Entertainment,"We define these users as those who switch streaming services for value and rarely watch scheduled TV. Their viewing is eclectic but leans to fantasy, films, and sci-fi. They get inspiration from social media and recommendations from friends, family, and colleagues.","Switch streaming services for value and rarely watch scheduled TV. Their viewing is eclectic but leans to fantasy, films, and sci-fi. They get inspiration from social media and recommendations from friends, family, and colleagues.",ap_x 17892,,,arts-entertainment
Malt-Based Beverage Non-Enjoyers,AP,19642989,Food & Drink,We define these users as those who do not enjoy malt-based beverages.,Do not enjoy malt-based beverages.,ap_x 17902,,,food-drink
Steadfast Traditionalist - TV Preferences and Behaviour,AP,4324229,Arts & Entertainment,"We define these users as those who rely on scheduled TV, recording shows to watch later. They enjoy documentaries, dramas, and soaps, use listings/EPG to plan, and feel frustrated by poor-quality programming.","Rely on scheduled TV, recording shows to watch later. They enjoy documentaries, dramas, and soaps, use listings/EPG to plan, and feel frustrated by poor-quality programming.",ap_x 17903,,,arts-entertainment
Tradesmen (Other) - Construction/Building,AP,27107300,Work,We define these users as those who work in construction/building.,Work in construction/building.,ap_x 17573,,,work
Transport - Taxi/carpool/rideshare users,AP,750049,Travel,We define these users as those who prefer to travel via taxi/carpool/rideshare.,Prefer to travel via taxi/carpool/rideshare.,ap_x 17575,,,travel
Airport Transportation - Taxi/Rideshare/Carpool,AP,5709474,Travel,We define these users as those who typically travel to the aiport via taxi/carpool/rideshare.,Typically travel to the aiport via taxi/carpool/rideshare.,ap_x 17576,,,travel
Sport event participant,AP,3257962,Sports,We define these users as those who have participated in an organised or competitive sports event in the last 12 months.,Have participated in an organised or competitive sports event in the last 12 months.,ap_x 17591,,,sports
Occasional Cinema Goers,AP,26430153,Arts & Entertainment,We define these users as those who occasionally go to the cinema.,Occasionally go to the cinema.,ap_x 17598,,,arts-entertainment
Zero Turn Mowers Considerers,AP,1917956,Purchase intenders,We define these users as those who would consider purchasing a zero turn mower.,Would consider purchasing a zero turn mower.,ap_x 17599,,,purchase-intenders
Walk Behind Lawn Mower Considerers,AP,12008243,Purchase intenders,We define these users as those who would consider purchasing a walk behind lawn mower.,Would consider purchasing a walk behind lawn mower.,ap_x 17601,,,purchase-intenders
Supermarket Preference - Best deals and/or rewards program,AP,2790974,Retail,We define these users as those who prefer supemarkets with the best deals and/or rewards program.,Prefer supemarkets with the best deals and/or rewards program.,ap_x 17606,,,retail
Beauty/Cosmetics - Department Stores Shoppers,AP,2814176,Retail,We define these users as those who primarily purchase beauty/cosmetics products at department stores.,Primarily purchase beauty/cosmetics products at department stores.,ap_x 17648,,,retail
LifeStage - First Child,AP,3856617,LifeStage,We define these users as those who have recently or are planning to have their first child.,Have recently or are planning to have their first child.,ap_x 17650,,,lifestage
Motorhome/Caravan Owners,AP,2253434,Travel,We define these users as those who own a motorhome or caravan.,Own a motorhome or caravan.,ap_x 17913,,,travel
RT Persona - Mood Dependants,AP,4267959,Arts & Entertainment,We define these users as those who struggle to choose what to watch because there’s too much available.,Struggle to choose what to watch because there’s too much available.,ap_x 17944,,,arts-entertainment
RT Persona - Streaming Enthusiasts,AP,8482700,Arts & Entertainment,"We define these users as those who subscribe to several streaming services, like watching popular new shows, and often spend time browsing for what to watch next.","Subscribe to several streaming services, like watching popular new shows, and often spend time browsing for what to watch next.",ap_x 17945,,,arts-entertainment
Guided/Group Tour Holidays Intenders,AP,9679827,Travel,We define these users as those who enjoy going on guided/group tour holidays or intend on doing so in the future.,Enjoy going on guided/group tour holidays or intend on doing so in the future.,ap_x 17946,,,travel
Uber Eats Customers,AP,3253067,Food & Drink,We define these users as those who use the Uber Eats takeaway delivery service.,Use the Uber Eats takeaway delivery service.,ap_x 17947,,,food-drink
Deliveroo Customers,AP,3061795,Food & Drink,We define these users as those who use the Deliveroo takeaway delivery service.,Use the Deliveroo takeaway delivery service.,ap_x 17948,,,food-drink
Intentional Food Buyers,AP,13193525,Food & Drink,"We define these users as those who actively choose food based on where it comes from and how it’s produced, prefer buying local or British produce whenever possible and are willing to pay more for food that is sustainable or ethically produced.","Actively choose food based on where it comes from and how it’s produced, prefer buying local or British produce whenever possible and are willing to pay more for food that is sustainable or ethically produced.",ap_x 17954,,,food-drink
Caravan Owners,AP,12003875,Travel,We define these users as those who own a caravan.,Own a caravan.,ap_x 17990,,,travel
Agree - Worth Paying More for Quality Drink,AP,25756755,Food & Drink,We define these users as those who agree that is worth paying more for a quality drink.,Agree that is worth paying more for a quality drink.,ap_x 17991,,,food-drink
Hello Fresh Subscribers,AP,9233336,Food & Drink,We define these users as those who are subscribed to Hello Fresh.,Are subscribed to Hello Fresh.,ap_x 17994,,,food-drink
Cruise Company Preference - Princess Cruises,AP,1654594,Travel,We define these users as those who whose preferred cruise company is Princess Cruises.,Whose preferred cruise company is Princess Cruises.,ap_x 18000,,,travel
